,cnt
Implementation,589
DynamicProgramming,514
"Implementation,String",464
Mathematics,307
"Implementation,Simulation",238
"Implementation,Mathematics,Arithmetic",209
"Implementation,Mathematics",189
"Mathematics,Arithmetic",170
Greedy,165
"Greedy,Sorting",155
"GraphTheory,GraphTraversal,Breadth_firstSearch",155
Bruteforcing,144
"Implementation,Bruteforcing",139
"Mathematics,NumberTheory",125
"GraphTheory,Dijkstra's",118
String,110
Geometry,96
"Mathematics,Geometry",88
"Mathematics,Bruteforcing",87
"GraphTheory,GraphTraversal,Breadth_firstSearch,Depth_firstSearch",85
"Mathematics,Combinatorics",84
Sorting,82
"Implementation,Sorting",78
"DynamicProgramming,Knapsack",64
"DataStructures,SegmentTree",60
"Bruteforcing,Backtracking",59
"Mathematics,DynamicProgramming,Combinatorics",58
"Mathematics,Greedy",54
GraphTheory,53
"Mathematics,NumberTheory,PrimalityTest,SieveOfEratosthenes",52
BinarySearch,52
Constructive,51
PrefixSum,50
"DynamicProgramming,Bitmask",48
"Mathematics,DynamicProgramming",48
"Mathematics,NumberTheory,EuclideanAlgorithm",47
Ad_hoc,42
"DataStructures,Stack",41
"GraphTheory,MinimumSpanningTree",40
"Implementation,String,Bruteforcing",40
"Mathematics,Bruteforcing,NumberTheory",39
"Implementation,Mathematics,String",39
"String,Bruteforcing",35
"Implementation,Greedy",32
"Bruteforcing,Geometry",32
"GraphTheory,GraphTraversal,Depth_firstSearch",31
"Implementation,Mathematics,Simulation",31
"BinarySearch,ParametricSearch",31
"Mathematics,ExponentiationBySquaring",31
"Implementation,Mathematics,Bruteforcing",30
"GraphTheory,GraphTraversal",30
Backtracking,30
"Implementation,Mathematics,String,Arithmetic",29
"DynamicProgramming,Tree,DynamicProgrammingOnTrees",29
"DataStructures,DisjointSet",29
"GraphTheory,Floyd_warshall",29
"DynamicProgramming,String",28
"Implementation,Bruteforcing,Simulation",28
"DynamicProgramming,PrefixSum",28
"DataStructures,Greedy,PriorityQueue",27
"Implementation,String,Simulation",27
"Implementation,GraphTheory,GraphTraversal,Breadth_firstSearch",27
"Mathematics,DynamicProgramming,ProbabilityTheory",26
"Mathematics,BinarySearch",25
Two_pointer,25
"DynamicProgramming,Greedy",25
"Mathematics,String",24
GameTheory,23
"GraphTheory,GraphTraversal,Depth_firstSearch,Tree",22
"DynamicProgramming,GameTheory",22
"Mathematics,PrefixSum",21
"Mathematics,Bruteforcing,Arithmetic",21
Tree,21
"Bruteforcing,Greedy",20
"Mathematics,NumberTheory,PrimalityTest",20
"DataStructures,PriorityQueue",20
"String,Sorting",20
"Implementation,Mathematics,Geometry",20
"String,Greedy",20
"Implementation,String,Sorting",19
"Implementation,Geometry",19
"Mathematics,Sorting",18
"Implementation,Bruteforcing,Backtracking",17
"DataStructures,Greedy,Sorting,PriorityQueue",17
"Greedy,Constructive",17
"DynamicProgramming,Bruteforcing",17
"Mathematics,Ad_hoc",17
"Mathematics,Constructive",17
"Bruteforcing,PrefixSum",17
"Implementation,DynamicProgramming",16
"Implementation,Ad_hoc",16
"Implementation,Mathematics,Simulation,Arithmetic",16
"Recursion,DivideAndConquer",16
"Implementation,GraphTheory,GraphTraversal,Breadth_firstSearch,Simulation",16
"Bruteforcing,Bitmask",16
"String,DataStructures,Stack",16
"Implementation,String,DataStructures,SetMapByHashing",16
"Constructive,Ad_hoc",15
"Mathematics,NumberTheory,Constructive",15
"Implementation,Sorting,Simulation",15
"GraphTheory,TopologicalSorting",15
"Mathematics,Greedy,Sorting",15
"GraphTheory,DynamicProgramming,GraphTraversal,Breadth_firstSearch",15
"BinarySearch,PrefixSum",14
"Implementation,DataStructures,Stack",14
"DynamicProgramming,Sorting",14
"Implementation,Constructive",14
"GraphTheory,Constructive",14
"GraphTheory,DynamicProgramming,Dijkstra's",13
"Greedy,Sorting,Two_pointer",13
"Implementation,Mathematics,Bruteforcing,Arithmetic",12
"GraphTheory,DynamicProgramming,GraphTraversal,Depth_firstSearch",12
"Mathematics,Bitmask",12
"GraphTheory,DynamicProgramming",12
"GraphTheory,DataStructures,GraphTraversal,DisjointSet",12
"Mathematics,String,Arithmetic",12
"Sorting,Two_pointer",12
"GraphTheory,DynamicProgramming,TopologicalSorting",12
"GraphTheory,Bruteforcing,GraphTraversal,Breadth_firstSearch",12
"Mathematics,Bruteforcing,Combinatorics",11
"Mathematics,Tree",11
"Implementation,DataStructures,Simulation,Queue",11
"Implementation,Backtracking",11
"String,DataStructures,SetMapByHashing",11
"Sorting,Geometry",11
"Mathematics,DynamicProgramming,NumberTheory",11
"GraphTheory,GraphTraversal,Breadth_firstSearch,Depth_firstSearch,Tree",11
"Bruteforcing,Sorting",11
"DataStructures,BinarySearch,SegmentTree",11
"String,Ad_hoc",11
"GraphTheory,GraphTraversal,Breadth_firstSearch,Dijkstra's",11
"Mathematics,NumberTheory,ExponentiationBySquaring",10
"GraphTheory,GraphTraversal,Breadth_firstSearch,Bitmask",10
"Sorting,Ad_hoc",10
"Implementation,PrefixSum",10
"Mathematics,Bruteforcing,NumberTheory,PrimalityTest,SieveOfEratosthenes",10
"Implementation,String,Greedy",10
"GraphTheory,DynamicProgramming,GraphTraversal,Depth_firstSearch,Tree,DynamicProgrammingOnTrees",10
"DataStructures,SetMapByHashing",10
"Mathematics,Recursion",10
"Mathematics,ProbabilityTheory",10
"Sorting,BinarySearch",10
"Mathematics,Bruteforcing,NumberTheory,EuclideanAlgorithm",9
"Mathematics,Constructive,Ad_hoc",9
"GraphTheory,Bruteforcing,GraphTraversal,Breadth_firstSearch,Depth_firstSearch",9
"Implementation,GraphTheory,GraphTraversal,Simulation",9
"Greedy,BinarySearch",9
"GraphTheory,GraphTraversal,Tree",9
"Implementation,GraphTheory,GraphTraversal,Breadth_firstSearch,Simulation,Depth_firstSearch",9
"Greedy,Ad_hoc",9
"Sorting,BinarySearch,Two_pointer",9
"Implementation,GraphTheory,GraphTraversal,Breadth_firstSearch,Depth_firstSearch",9
"Mathematics,GameTheory",9
"String,DataStructures,SetMapByHashing,SetMapByTrees",9
"Sorting,Constructive",9
"Mathematics,NumberTheory,Combinatorics",9
"Implementation,Recursion",8
"DataStructures,SegmentTree,ValueCoordinateCompression",8
"GraphTheory,DynamicProgramming,GraphTraversal",8
"Implementation,Mathematics,Sorting",8
DataStructures,8
"DynamicProgramming,Greedy,Sorting",8
LongestIncreasingSequenceInO(nLogN),8
"DataStructures,SetMapByTrees",8
"DynamicProgramming,BinarySearch",8
"Implementation,Greedy,Simulation",8
"String,DataStructures,Sorting,SetMapByHashing",8
"Mathematics,DynamicProgramming,ExponentiationBySquaring",8
"DataStructures,SetMapByHashing,SetMapByTrees",8
"Geometry,BinarySearch",7
Recursion,7
"DynamicProgramming,Backtracking",7
"Implementation,String,DataStructures,Stack",7
"GraphTheory,GraphTraversal,Breadth_firstSearch,BinarySearch",7
"Greedy,PrefixSum",7
"Implementation,GraphTheory,Dijkstra's",7
"BinarySearch,LongestIncreasingSequenceInO(nLogN)",7
"Implementation,Mathematics,NumberTheory",7
"DataStructures,Stack,SegmentTree,DivideAndConquer",6
"GraphTheory,DataStructures,GraphTraversal,Breadth_firstSearch,Depth_firstSearch,DisjointSet",6
"Implementation,GraphTheory,GraphTraversal",6
"DataStructures,Sorting,SetMapByTrees",6
"GraphTheory,GraphTraversal,Sorting,Depth_firstSearch",6
"Implementation,Mathematics,Greedy",6
"DataStructures,Deque",6
"Mathematics,Sorting,Geometry",6
"DataStructures,Greedy,Stack",6
"DataStructures,Tree",6
"Implementation,DataStructures,Simulation,Stack",6
"DynamicProgramming,Bruteforcing,PrefixSum",6
"Implementation,Bruteforcing,Sorting",6
"Mathematics,DynamicProgramming,PrefixSum",6
"Mathematics,Bruteforcing,ProbabilityTheory",6
"BinarySearch,Two_pointer",6
"Mathematics,Geometry,Constructive",6
"GraphTheory,Dijkstra's,0_1Bfs",6
"Implementation,Sorting,Ad_hoc",6
"Implementation,Mathematics,NumberTheory,PrimalityTest",6
"Implementation,DataStructures",6
"GraphTheory,GraphTraversal,Breadth_firstSearch,Floyd_warshall",6
Bitmask,6
"GraphTheory,DataStructures,GraphTraversal,Breadth_firstSearch,DisjointSet",6
"GraphTheory,Dijkstra's,Floyd_warshall",6
"Implementation,Bitmask",6
"String,Hashing",6
"Mathematics,Combinatorics,ProbabilityTheory",6
"Mathematics,Greedy,Arithmetic",6
"Implementation,DataStructures,Queue",6
"GraphTheory,GraphTraversal,Depth_firstSearch,Backtracking",6
"String,DataStructures,Sorting,SetMapByHashing,SetMapByTrees",6
"Implementation,Two_pointer",6
"Mathematics,NumberTheory,PrefixSum",5
"Implementation,DataStructures,SetMapByHashing",5
"DataStructures,Sorting,SetMapByHashing",5
"GraphTheory,GraphTraversal,Floyd_warshall",5
"Mathematics,Geometry,BinarySearch",5
"DynamicProgramming,LongestIncreasingSequenceInO(nLogN)",5
"Mathematics,BinarySearch,PrefixSum",5
"Mathematics,GraphTheory,ExponentiationBySquaring",5
"DataStructures,BinarySearch,SetMapByTrees",5
"Implementation,Mathematics,NumberTheory,EuclideanAlgorithm",5
"Greedy,BinarySearch,ParametricSearch",5
"GraphTheory,Geometry,Dijkstra's",5
"Mathematics,Combinatorics,ExponentiationBySquaring",5
"Mathematics,NumberTheory,Ad_hoc",5
"Implementation,Mathematics,PrefixSum",5
"PrefixSum,SlidingWindow",5
"Constructive,Tree",5
"Mathematics,Bruteforcing,NumberTheory,Constructive",5
"GraphTheory,GraphTraversal,Dijkstra's",5
"Implementation,BinarySearch",5
"Implementation,String,Bruteforcing,DataStructures,SetMapByHashing",5
"Mathematics,PrefixSum,Combinatorics",5
"GraphTheory,DataStructures,GraphTraversal,Depth_firstSearch,DisjointSet",5
"GraphTheory,Tree",5
"Implementation,Mathematics,String,Combinatorics",5
"Mathematics,DynamicProgramming,Greedy",5
"DynamicProgramming,DataStructures,SegmentTree",5
"Implementation,DataStructures,Simulation,PriorityQueue",5
Hashing,5
"Bruteforcing,Greedy,Sorting",5
"Implementation,Mathematics,Combinatorics",5
"GraphTheory,BinarySearch,Dijkstra's",5
"Implementation,Mathematics,GraphTheory,GraphTraversal,Breadth_firstSearch",5
"Geometry,Ad_hoc",5
"Greedy,Sorting,Geometry",5
"GraphTheory,Bruteforcing,Dijkstra's",5
"Mathematics,NumberTheory,Combinatorics,ExponentiationBySquaring",5
"GraphTheory,String,DataStructures,GraphTraversal,Breadth_firstSearch,SetMapByHashing",5
"DataStructures,Queue",5
"Implementation,DataStructures,Simulation,SetMapByHashing",4
"Greedy,Sorting,BinarySearch",4
"Greedy,Sorting,PrefixSum",4
"GraphTheory,GraphTraversal,Depth_firstSearch,Floyd_warshall",4
"Mathematics,DynamicProgramming,NumberTheory,PrimalityTest,SieveOfEratosthenes",4
Knapsack,4
"GraphTheory,String,DataStructures,GraphTraversal,Depth_firstSearch,SetMapByHashing",4
"Mathematics,String,Combinatorics",4
"Implementation,String,DataStructures,SetMapByHashing,SetMapByTrees",4
"GraphTheory,DataStructures,GraphTraversal,Breadth_firstSearch,SetMapByHashing",4
"Implementation,Bruteforcing,Greedy",4
"DynamicProgramming,BinarySearch,PrefixSum",4
"DynamicProgramming,Sorting,Knapsack",4
"DynamicProgramming,Geometry",4
"GraphTheory,Bruteforcing",4
"Implementation,GraphTheory",4
"Mathematics,Greedy,NumberTheory,EuclideanAlgorithm",4
"GraphTheory,Greedy,GraphTraversal,Breadth_firstSearch",4
"Mathematics,String,NumberTheory",4
"Implementation,String,Constructive",4
"Implementation,Mathematics,Bitmask",4
"DataStructures,Sorting,SegmentTree",4
"Implementation,String,Ad_hoc",4
"DataStructures,Sorting,SetMapByHashing,SetMapByTrees",4
"GraphTheory,Greedy",4
"Implementation,Greedy,Sorting",4
"Mathematics,GraphTheory,GraphTraversal,Breadth_firstSearch",4
"Sorting,ValueCoordinateCompression",4
"Implementation,DataStructures,PriorityQueue",4
"Implementation,Bruteforcing,PrefixSum",4
DivideAndConquer,4
"Mathematics,Arithmetic,Combinatorics",4
"Sorting,PrefixSum",4
"Mathematics,BinarySearch,ParametricSearch",4
"Mathematics,Arithmetic,Geometry",4
"Implementation,DataStructures,Simulation",4
"Mathematics,Greedy,NumberTheory",4
"Mathematics,DataStructures,Stack",4
"Implementation,DynamicProgramming,String",4
"DataStructures,Greedy,SetMapByTrees",4
"DataStructures,Sorting,DisjointSet",4
"Implementation,DataStructures,Sorting,SetMapByHashing",4
"Implementation,DataStructures,Simulation,Deque",4
"DataStructures,SetMapByTrees,PriorityQueue",4
"DataStructures,BinarySearch,SetMapByHashing",4
"DataStructures,Sorting,PriorityQueue",4
"String,Bruteforcing,Greedy",4
"Implementation,DataStructures,Deque",4
"DataStructures,PrefixSum,SetMapByTrees",4
"Implementation,Bruteforcing,Bitmask",4
"Mathematics,Bruteforcing,Geometry",4
"GraphTheory,GraphTraversal,Dijkstra's,0_1Bfs",4
"String,SlidingWindow",4
"DynamicProgramming,SlidingWindow",4
"Mathematics,Geometry,BinarySearch,ParametricSearch",3
"String,Greedy,Sorting",3
"Implementation,DataStructures,Sorting,SetMapByHashing,SetMapByTrees",3
"Tree,Recursion",3
"DataStructures,Sorting,Stack",3
"Greedy,Geometry",3
"Greedy,Sorting,Constructive",3
"Greedy,Two_pointer",3
"Mathematics,Geometry,ProbabilityTheory",3
"DynamicProgramming,Greedy,Knapsack",3
"GraphTheory,DataStructures,GraphTraversal,Breadth_firstSearch,BinarySearch,DisjointSet",3
"Mathematics,Bruteforcing,Bitmask",3
"Implementation,String,Tree",3
"String,DataStructures,Tree",3
"Mathematics,String,Bruteforcing",3
"Implementation,Mathematics,BinarySearch",3
"Mathematics,Sorting,Arithmetic",3
"String,DataStructures,Stack,Recursion",3
"Mathematics,String,Bruteforcing,Combinatorics",3
"Ad_hoc,Bitmask",3
"Mathematics,NumberTheory,PrimalityTest,SieveOfEratosthenes,ExponentiationBySquaring",3
"Implementation,Bruteforcing,Simulation,Backtracking",3
"DataStructures,BinarySearch,Two_pointer",3
"Mathematics,Greedy,Sorting,Combinatorics",3
"DataStructures,Greedy,SetMapByTrees,PriorityQueue",3
"GraphTheory,DynamicProgramming,GraphTraversal,Tree,DynamicProgrammingOnTrees",3
"Implementation,GraphTheory,DataStructures,GraphTraversal,Tree,SetMapByHashing",3
"GraphTheory,GraphTraversal,Sorting,Breadth_firstSearch,Depth_firstSearch",3
"GraphTheory,DataStructures,DisjointSet",3
"Mathematics,Combinatorics,Ad_hoc",3
"Implementation,GraphTheory,TopologicalSorting",3
"Implementation,Simulation,Backtracking",3
"GraphTheory,GraphTraversal,Geometry,Depth_firstSearch",3
"Implementation,Mathematics,NumberTheory,Simulation",3
"GraphTheory,DynamicProgramming,Floyd_warshall",3
"GraphTheory,Constructive,Floyd_warshall",3
"DataStructures,PrefixSum,SegmentTree",3
"GraphTheory,GraphTraversal,Breadth_firstSearch,Dijkstra's,0_1Bfs",3
"Mathematics,String,Bruteforcing,Arithmetic",3
"GraphTheory,Greedy,GraphTraversal,Depth_firstSearch",3
"Implementation,DivideAndConquer",3
"Implementation,Bruteforcing,Geometry",3
"String,Recursion",3
"Mathematics,Bruteforcing,BinarySearch",3
"Implementation,Recursion,DivideAndConquer",3
"DataStructures,Geometry,DisjointSet",3
"DynamicProgramming,Bruteforcing,Backtracking",3
"Implementation,DataStructures,Simulation,SetMapByTrees",3
"Implementation,Simulation,Geometry",3
"Mathematics,Combinatorics,Tree",3
"Implementation,GraphTheory,GraphTraversal,Depth_firstSearch",3
"Mathematics,String,Greedy",3
SlidingWindow,3
"Implementation,String,Bitmask",3
"Implementation,Mathematics,Bruteforcing,Simulation",3
"GraphTheory,Dijkstra's,Bitmask",3
"String,Bruteforcing,DataStructures,SetMapByHashing",3
"Bruteforcing,Greedy,Bitmask",3
"Implementation,String,Bruteforcing,Sorting",3
"Two_pointer,SlidingWindow",3
"Mathematics,String,Bruteforcing,Backtracking",3
"Mathematics,NumberTheory,PrefixSum,PrimalityTest,SieveOfEratosthenes",3
"Mathematics,DivideAndConquer",3
"Implementation,Mathematics,String,Bruteforcing",3
"Mathematics,DynamicProgramming,Combinatorics,ProbabilityTheory",3
"Mathematics,Backtracking",3
"Constructive,Bitmask",3
"DataStructures,Tree,SetMapByTrees",3
"GraphTheory,DataStructures,PriorityQueue,TopologicalSorting",3
"DynamicProgramming,Tree",3
"DynamicProgramming,Bruteforcing,Knapsack",3
"Implementation,Bruteforcing,Recursion",3
"Mathematics,ExponentiationBySquaring,DivideAndConquer",3
"GraphTheory,DataStructures,GraphTraversal,Breadth_firstSearch",3
"Implementation,String,Two_pointer",3
"Greedy,Tree",3
"DynamicProgramming,Bitmask,TravellingSalesmanProblem",3
"Geometry,Constructive",3
"DynamicProgramming,Greedy,Sorting,Knapsack",2
"Mathematics,GraphTheory",2
"Implementation,Bruteforcing,DataStructures,Simulation,Stack",2
"GraphTheory,Greedy,TopologicalSorting",2
"Ad_hoc,DivideAndConquer",2
"Bruteforcing,Sorting,Two_pointer",2
"String,DataStructures,Greedy,Stack",2
"GraphTheory,GraphTraversal,Breadth_firstSearch,PrefixSum",2
"Implementation,String,DataStructures,Simulation,Stack",2
"Bruteforcing,DataStructures,Geometry,SetMapByHashing",2
"Constructive,Backtracking",2
"DataStructures,Ad_hoc,SetMapByTrees",2
"Mathematics,GraphTheory,DynamicProgramming,Combinatorics",2
"String,DataStructures",2
"GraphTheory,GraphTraversal,Breadth_firstSearch,Dijkstra's,ValueCoordinateCompression",2
"Geometry,PrefixSum",2
"BinarySearch,PrefixSum,Two_pointer",2
"Implementation,Mathematics,Bruteforcing,NumberTheory,Constructive",2
"Bruteforcing,DataStructures,DisjointSet",2
"Mathematics,Bruteforcing,Constructive",2
"DataStructures,Greedy",2
"Implementation,Bruteforcing,Simulation,Bitmask",2
"DataStructures,PrefixSum",2
"DynamicProgramming,Backtracking,Bitmask",2
"String,Constructive",2
"DataStructures,Sorting,SegmentTree,DivideAndConquer",2
"Implementation,Simulation,Ad_hoc",2
"Ad_hoc,GameTheory",2
"Implementation,String,DataStructures,Deque",2
"DynamicProgramming,Knapsack,SlidingWindow",2
"Mathematics,Bruteforcing,NumberTheory,PrimalityTest",2
"GraphTheory,Bruteforcing,GraphTraversal,Tree",2
"Mathematics,GraphTheory,Combinatorics",2
"GraphTheory,DataStructures,SetMapByHashing,TopologicalSorting",2
"String,Tree",2
"Implementation,GraphTheory,String,GraphTraversal,Breadth_firstSearch",2
"Mathematics,NumberTheory,Geometry,EuclideanAlgorithm",2
"Greedy,Bitmask",2
"Implementation,String,DataStructures,Sorting,SetMapByHashing",2
"Mathematics,NumberTheory,Geometry",2
"DynamicProgramming,DataStructures,SetMapByHashing,SetMapByTrees",2
"Implementation,Greedy,Sorting,Simulation",2
"GraphTheory,Greedy,GraphTraversal,Depth_firstSearch,Tree",2
"Mathematics,Sorting,Combinatorics,ProbabilityTheory",2
"GraphTheory,DataStructures,Tree,DisjointSet,MinimumSpanningTree",2
"String,BinarySearch",2
"Implementation,DataStructures,Sorting,Stack",2
"Greedy,GameTheory",2
"Mathematics,GraphTheory,GraphTraversal,Breadth_firstSearch,Depth_firstSearch,Combinatorics",2
"DynamicProgramming,Geometry,Two_pointer",2
"GraphTheory,GraphTraversal,Depth_firstSearch,Constructive",2
"DataStructures,Greedy,Sorting,SetMapByTrees",2
"Mathematics,DynamicProgramming,NumberTheory,Combinatorics",2
"Bruteforcing,PrefixSum,ValueCoordinateCompression",2
"GraphTheory,DynamicProgramming,GraphTraversal,Depth_firstSearch,Knapsack",2
"GraphTheory,DataStructures,GraphTraversal,BinarySearch,DisjointSet",2
"DataStructures,PrefixSum,SegmentTree,ValueCoordinateCompression",2
"DataStructures,Constructive,Stack",2
"Bruteforcing,Sorting,BinarySearch",2
"Implementation,Sorting,Two_pointer",2
"Mathematics,DynamicProgramming,Bruteforcing,NumberTheory",2
"Mathematics,String,NumberTheory,EuclideanAlgorithm",2
"Mathematics,DynamicProgramming,GameTheory",2
"Mathematics,Bruteforcing,ExponentiationBySquaring",2
"GraphTheory,DataStructures,GraphTraversal,Breadth_firstSearch,SetMapByTrees",2
"Greedy,Constructive,Ad_hoc",2
"Implementation,Simulation,Recursion",2
"Bruteforcing,Bitmask,Recursion",2
"DynamicProgramming,DataStructures,SetMapByHashing",2
"Implementation,DataStructures,Greedy,Simulation,Stack",2
"Mathematics,GraphTheory,GraphTraversal,Depth_firstSearch,Combinatorics,Tree",2
"Mathematics,Arithmetic,Ad_hoc",2
"GraphTheory,Constructive,Ad_hoc",2
"DataStructures,Greedy,DisjointSet",2
"Constructive,Recursion",2
"DynamicProgramming,Ad_hoc",2
"String,Recursion,DivideAndConquer",2
"GraphTheory,GraphTraversal,Breadth_firstSearch,TopologicalSorting",2
"String,Two_pointer",2
"GraphTheory,DataStructures,Dijkstra's,PriorityQueue",2
"GraphTheory,DataStructures,GraphTraversal,Constructive,Tree,DisjointSet",2
"DataStructures,Greedy,Sorting",2
"Implementation,GraphTheory,Bruteforcing,Simulation",2
"String,DataStructures,Greedy,Deque",2
"GraphTheory,Greedy,GraphTraversal",2
"Mathematics,NumberTheory,BinarySearch",2
"Mathematics,String,Greedy,Constructive",2
"String,Constructive,Ad_hoc",2
"Sorting,PrefixSum,Two_pointer",2
"Mathematics,Greedy,Ad_hoc",2
"Implementation,Greedy,Constructive",2
"Implementation,GraphTheory,Simulation,Dijkstra's",2
"DataStructures,Greedy,PrefixSum,Queue",2
"GraphTheory,String,DataStructures,Dijkstra's,SetMapByHashing",2
"Tree,Ad_hoc",2
"Mathematics,NumberTheory,Constructive,Ad_hoc",2
"Mathematics,Bruteforcing,Sorting,NumberTheory",2
"GraphTheory,DataStructures,DisjointSet,MinimumSpanningTree",2
"Mathematics,Greedy,Constructive",2
"DataStructures,Greedy,SetMapByHashing",2
"Implementation,String,Bruteforcing,Backtracking",2
"GraphTheory,GraphTraversal,Breadth_firstSearch,Geometry",2
"Bruteforcing,Backtracking,TravellingSalesmanProblem",2
"Mathematics,Greedy,NumberTheory,PrimalityTest",2
"Implementation,Mathematics,String,ExponentiationBySquaring",2
"Implementation,GraphTheory,MinimumSpanningTree",2
"Implementation,String,BinarySearch",2
"GraphTheory,DynamicProgramming,Bruteforcing,GraphTraversal,Breadth_firstSearch,Bitmask",2
"GraphTheory,DynamicProgramming,GraphTraversal,Depth_firstSearch,Backtracking",2
"Mathematics,NumberTheory,BinarySearch,PrefixSum,PrimalityTest,SieveOfEratosthenes",2
"Mathematics,DataStructures,Greedy,PriorityQueue",2
"GraphTheory,DataStructures,GraphTraversal,Breadth_firstSearch,Depth_firstSearch,SetMapByHashing",2
"GraphTheory,DataStructures,GraphTraversal,BinarySearch,DisjointSet,MinimumSpanningTree",2
"GraphTheory,DataStructures,GraphTraversal,Depth_firstSearch,Tree,DisjointSet",2
"Implementation,Mathematics,String,Bruteforcing,Arithmetic",2
"DataStructures,Stack,Queue",2
"Mathematics,NumberTheory,BinarySearch,PrimalityTest",2
"Bruteforcing,DataStructures,SetMapByHashing",2
"Constructive,Tree,Ad_hoc",2
"Mathematics,Geometry,Combinatorics",2
"String,Bruteforcing,Backtracking",2
"Implementation,Mathematics,NumberTheory,PrimalityTest,SieveOfEratosthenes",2
"Implementation,Mathematics,String,Greedy",2
"Implementation,Mathematics,String,Simulation",2
"GraphTheory,GraphTraversal,TopologicalSorting",2
"Mathematics,Arithmetic,BinarySearch",2
"Mathematics,GraphTheory,GraphTraversal,Breadth_firstSearch,NumberTheory,PrimalityTest,SieveOfEratosthenes",2
"GraphTheory,Bruteforcing,GraphTraversal,Floyd_warshall",2
"PrefixSum,Ad_hoc",2
"GraphTheory,DataStructures,GraphTraversal,Geometry,DisjointSet",2
"Implementation,DataStructures,SegmentTree",2
"Mathematics,Combinatorics,Bitmask",2
"String,DivideAndConquer",2
"GraphTheory,DataStructures,Greedy,GraphTraversal,Sorting,DisjointSet",2
"Mathematics,Ad_hoc,ProbabilityTheory",2
"Mathematics,String,Sorting",2
"String,DataStructures,Greedy,PriorityQueue",2
"Implementation,String,Recursion",2
"GraphTheory,Ad_hoc",2
"DataStructures,Sorting,SetMapByTrees,ValueCoordinateCompression",2
"Mathematics,Greedy,Sorting,ProbabilityTheory",2
"GraphTheory,GraphTraversal,BinarySearch,ParametricSearch",2
"DynamicProgramming,Sorting,PrefixSum",2
"GraphTheory,Bruteforcing,GraphTraversal,Breadth_firstSearch,Bitmask",2
"GraphTheory,Bruteforcing,GraphTraversal",2
"Implementation,Simulation,Constructive",2
"Ad_hoc,Two_pointer",2
"GraphTheory,Geometry",2
"DataStructures,Sorting,BinarySearch,SetMapByHashing",2
"Mathematics,Sorting,BinarySearch",2
"Implementation,DataStructures,Two_pointer",2
"Bruteforcing,SlidingWindow",2
"Implementation,Geometry,Ad_hoc",2
"Implementation,Mathematics,Greedy,Arithmetic",2
"String,DataStructures,Sorting,PriorityQueue",2
"Implementation,GraphTheory,Bruteforcing,GraphTraversal,Breadth_firstSearch",2
"Mathematics,Greedy,Bitmask",2
"GraphTheory,GraphTraversal,Depth_firstSearch,MinimumSpanningTree",2
"GraphTheory,Greedy,MinimumSpanningTree",2
"Tree,Recursion,DivideAndConquer",2
"DynamicProgramming,Greedy,Tree,DynamicProgrammingOnTrees",2
"GraphTheory,DataStructures,GraphTraversal,Dijkstra's,PriorityQueue",2
"Mathematics,Sorting,Ad_hoc",2
ValueCoordinateCompression,2
"GraphTheory,Constructive,Dijkstra's,Floyd_warshall",2
"Mathematics,DynamicProgramming,Bruteforcing",2
"Implementation,DataStructures,Stack,Recursion",2
"GraphTheory,DataStructures,GraphTraversal,Depth_firstSearch",2
"DataStructures,BinarySearch,PriorityQueue",2
"Sorting,BinarySearch,LongestIncreasingSequenceInO(nLogN)",2
"GraphTheory,Backtracking",2
"Mathematics,Geometry,Ad_hoc",2
"PrefixSum,Two_pointer,SlidingWindow",2
"Implementation,Mathematics,ExponentiationBySquaring",2
"PrefixSum,Two_pointer",2
"Mathematics,String,NumberTheory,PrimalityTest,SieveOfEratosthenes",2
"Bruteforcing,Geometry,BinarySearch",2
"Mathematics,Bruteforcing,NumberTheory,Arithmetic",2
"DynamicProgramming,Recursion",2
"DataStructures,Tree,Stack",2
"Mathematics,Greedy,ProbabilityTheory",2
"Mathematics,NumberTheory,PrefixSum,EuclideanAlgorithm",2
"Mathematics,DynamicProgramming,Knapsack",2
"Implementation,DynamicProgramming,Simulation",2
"GraphTheory,GraphTraversal,Depth_firstSearch,Dijkstra's",2
"Implementation,DynamicProgramming,Bruteforcing",2
"Mathematics,NumberTheory,EuclideanAlgorithm,GameTheory",2
"Mathematics,Sorting,PrefixSum",2
"Mathematics,NumberTheory,Two_pointer,PrimalityTest,SieveOfEratosthenes",2
"Implementation,Mathematics,ProbabilityTheory",2
"GraphTheory,Bruteforcing,Floyd_warshall",2
"Implementation,String,DataStructures,Sorting,SetMapByHashing,SetMapByTrees",2
"Implementation,Mathematics,Arithmetic,Geometry",2
"Sorting,BinarySearch,PrefixSum",2
"Implementation,GraphTheory,GraphTraversal,Depth_firstSearch,Tree",2
"Implementation,Mathematics,DynamicProgramming",2
"Bruteforcing,DataStructures,Backtracking,SetMapByTrees",2
"GraphTheory,String,DataStructures,GraphTraversal,Breadth_firstSearch,Depth_firstSearch,SetMapByHashing",2
"Mathematics,GraphTheory,GraphTraversal",2
"Mathematics,Constructive,Bitmask",2
"Implementation,Mathematics,Bruteforcing,NumberTheory,EuclideanAlgorithm",2
"Mathematics,String,Geometry",2
"GraphTheory,DataStructures,GraphTraversal,Tree,DisjointSet",2
"Bruteforcing,Ad_hoc",2
"DataStructures,Greedy,SetMapByHashing,SetMapByTrees",2
"String,PrefixSum,SlidingWindow",2
"PrefixSum,Bitmask",2
"Implementation,Mathematics,DataStructures,SetMapByHashing",2
"DynamicProgramming,String,DataStructures,Tree",1
"DynamicProgramming,Greedy,GameTheory",1
"DynamicProgramming,DataStructures,Bitmask,SegmentTree",1
"GraphTheory,Greedy,Sorting",1
"GraphTheory,DataStructures,Greedy,GraphTraversal,BinarySearch,PriorityQueue",1
"Mathematics,NumberTheory,PrimalityTest,SieveOfEratosthenes,EuclideanAlgorithm",1
"GraphTheory,GraphTraversal,BinarySearch,MinimumSpanningTree",1
"DynamicProgramming,Bruteforcing,Backtracking,Bitmask",1
"GraphTheory,DynamicProgramming,Floyd_warshall,TopologicalSorting",1
"Implementation,Mathematics,NumberTheory,Recursion,EuclideanAlgorithm",1
"DynamicProgramming,DataStructures,SegmentTree,SlidingWindow,Deque",1
"Mathematics,Bruteforcing,Combinatorics,Backtracking,Bitmask",1
"GraphTheory,String,GraphTraversal,Breadth_firstSearch,Bitmask",1
"GraphTheory,DynamicProgramming,Knapsack",1
"Mathematics,Bruteforcing,NumberTheory,BinarySearch",1
"Mathematics,NumberTheory,Ad_hoc,EuclideanAlgorithm",1
"Implementation,Bruteforcing,DataStructures,SetMapByHashing,Backtracking,SetMapByTrees",1
"Mathematics,GraphTheory,GraphTraversal,ProbabilityTheory",1
"Mathematics,DataStructures,Arithmetic,SetMapByHashing,SetMapByTrees",1
"DataStructures,PrefixSum,SetMapByTrees,DivideAndConquer",1
"Implementation,Mathematics,GraphTheory,GraphTraversal,Breadth_firstSearch,Simulation,Ad_hoc",1
"Implementation,GraphTheory,Bruteforcing,GraphTraversal",1
"Mathematics,Sorting,Combinatorics,Two_pointer",1
"Implementation,String,Bruteforcing,DataStructures,SetMapByHashing,SetMapByTrees",1
"GraphTheory,String,DataStructures,GraphTraversal,Breadth_firstSearch,Depth_firstSearch,SetMapByHashing,SetMapByTrees",1
"Mathematics,NumberTheory,Geometry,BinarySearch,EuclideanAlgorithm,LongestIncreasingSequenceInO(nLogN)",1
"Implementation,GraphTheory,DataStructures,GraphTraversal,Breadth_firstSearch,Depth_firstSearch,DisjointSet",1
"GraphTheory,String,GraphTraversal,Breadth_firstSearch,Floyd_warshall",1
"Implementation,Sorting,BinarySearch",1
"Implementation,GraphTheory,GraphTraversal,Simulation,Geometry,Depth_firstSearch",1
"DynamicProgramming,Ad_hoc,Recursion",1
"Mathematics,String,Sorting,BinarySearch",1
"Implementation,GraphTheory,String,Bruteforcing,GraphTraversal,Depth_firstSearch,Backtracking",1
"Implementation,Mathematics,Greedy,NumberTheory",1
"Bruteforcing,DataStructures,Sorting,SetMapByHashing",1
"Bruteforcing,Geometry,Constructive",1
"Bruteforcing,Recursion",1
"Mathematics,BinarySearch,GameTheory",1
"DataStructures,Greedy,Sorting,BinarySearch,SetMapByTrees,SlidingWindow",1
"GraphTheory,DynamicProgramming,GraphTraversal,Sorting,Depth_firstSearch,TopologicalSorting",1
"GraphTheory,String,DataStructures,GraphTraversal,Breadth_firstSearch,DisjointSet,Hashing",1
"Implementation,String,Sorting,Ad_hoc",1
"String,DataStructures,SetMapByHashing,DisjointSet",1
"Implementation,Mathematics,Bruteforcing,Greedy,NumberTheory",1
"Bruteforcing,Constructive,Backtracking",1
"Bruteforcing,Greedy,Ad_hoc",1
"Mathematics,DynamicProgramming,DataStructures,SetMapByTrees",1
"Mathematics,DynamicProgramming,DataStructures,PriorityQueue",1
"Implementation,Mathematics,GraphTheory,GraphTraversal,NumberTheory,PrimalityTest,SieveOfEratosthenes",1
"Implementation,Mathematics,String,DataStructures,Arithmetic,SetMapByHashing,SetMapByTrees",1
"GraphTheory,GraphTraversal,Ad_hoc",1
"Implementation,Mathematics,DynamicProgramming,Combinatorics,Bitmask,ProbabilityTheory",1
"Mathematics,String,Greedy,Sorting",1
"Sorting,BinarySearch,Ad_hoc",1
"GraphTheory,GraphTraversal,Breadth_firstSearch,BinarySearch,Dijkstra's",1
"Mathematics,Sorting,Tree",1
"GraphTheory,Bruteforcing,DataStructures,GraphTraversal,Breadth_firstSearch,SetMapByHashing,SetMapByTrees",1
"DataStructures,Greedy,Sorting,BinarySearch,PriorityQueue",1
"Sorting,Geometry,PrefixSum,Two_pointer",1
"Mathematics,SlidingWindow",1
"Mathematics,NumberTheory,BinarySearch,EuclideanAlgorithm",1
"DataStructures,Tree,DisjointSet",1
"Mathematics,Arithmetic,Constructive",1
"Implementation,GraphTheory,Bruteforcing,GraphTraversal,Breadth_firstSearch,Depth_firstSearch",1
"Mathematics,Greedy,BinarySearch",1
"GraphTheory,GraphTraversal,Breadth_firstSearch,Backtracking",1
"Implementation,Bruteforcing,DataStructures,SetMapByTrees",1
"Implementation,GraphTheory,DataStructures,Simulation,DisjointSet,MinimumSpanningTree",1
"Implementation,Mathematics,NumberTheory,Simulation,PrimalityTest,SieveOfEratosthenes",1
"Mathematics,DynamicProgramming,Combinatorics,ExponentiationBySquaring",1
"GraphTheory,GraphTraversal,Breadth_firstSearch,BinarySearch,Dijkstra's,ParametricSearch,0_1Bfs",1
"GraphTheory,Greedy,GraphTraversal,Sorting,Depth_firstSearch",1
"GraphTheory,DataStructures,Greedy,GraphTraversal,Depth_firstSearch,Tree,SegmentTree",1
"Implementation,String,DataStructures,SetMapByTrees",1
"Implementation,GraphTheory,GraphTraversal,Constructive",1
"GraphTheory,Bitmask,Floyd_warshall",1
"String,DataStructures,Greedy,Stack,Recursion,DivideAndConquer",1
"Mathematics,GraphTheory,GraphTraversal,Breadth_firstSearch,NumberTheory,PrimalityTest",1
"GraphTheory,DynamicProgramming,DataStructures,GraphTraversal,Depth_firstSearch",1
"DataStructures,Tree,SegmentTree,ValueCoordinateCompression",1
"Mathematics,NumberTheory,PrefixSum,Combinatorics,Two_pointer",1
"DataStructures,Sorting,SetMapByHashing,Two_pointer",1
"DataStructures,Sorting,Geometry,SetMapByHashing",1
"DataStructures,Greedy,PrefixSum,Stack",1
"DynamicProgramming,DataStructures,DisjointSet,Knapsack",1
"GraphTheory,GraphTraversal,Breadth_firstSearch,Depth_firstSearch,Bitmask",1
"Mathematics,Geometry,ParametricSearch",1
"Mathematics,PrefixSum,Two_pointer",1
"DataStructures,Stack,PriorityQueue,SegmentTree",1
"Mathematics,DynamicProgramming,Combinatorics,ValueCoordinateCompression",1
"String,Two_pointer,SlidingWindow",1
"Mathematics,GraphTheory,GraphTraversal,Depth_firstSearch,Tree",1
"BinarySearch,Bitmask,Hashing",1
"GraphTheory,DynamicProgramming,Greedy",1
"Mathematics,Greedy,Sorting,Arithmetic",1
"Implementation,Simulation,Bitmask",1
"Implementation,Mathematics,Bruteforcing,Combinatorics,Backtracking",1
"GraphTheory,BinarySearch,TopologicalSorting",1
"GraphTheory,GraphTraversal,Constructive,Ad_hoc",1
"GraphTheory,Sorting",1
"GraphTheory,DataStructures,GraphTraversal,Depth_firstSearch,Tree",1
"DataStructures,SetMapByTrees,DisjointSet",1
"Implementation,GraphTheory,DataStructures,GraphTraversal,SetMapByHashing,SetMapByTrees,DisjointSet",1
"GraphTheory,Bruteforcing,Greedy,GraphTraversal",1
"DynamicProgramming,DataStructures,PriorityQueue,SegmentTree,Deque",1
"DataStructures,Backtracking,Stack",1
"Implementation,Mathematics,PrefixSum,Combinatorics",1
"Mathematics,DataStructures,Greedy,Sorting,PriorityQueue",1
"Mathematics,NumberTheory,PrimalityTest,GameTheory",1
"Implementation,GraphTheory,DataStructures,GraphTraversal",1
"GraphTheory,DynamicProgramming,Tree,Dijkstra's,DynamicProgrammingOnTrees",1
"Mathematics,Sorting,Combinatorics,ExponentiationBySquaring",1
"DataStructures,Sorting,Ad_hoc,SetMapByTrees",1
"GraphTheory,Backtracking,Bitmask,Floyd_warshall",1
"GraphTheory,Bruteforcing,GraphTraversal,Depth_firstSearch,Backtracking,Recursion",1
"Implementation,Sorting,Constructive",1
"GraphTheory,BinarySearch,ParametricSearch,TopologicalSorting",1
"GraphTheory,Bruteforcing,GraphTraversal,Depth_firstSearch,Backtracking",1
"DataStructures,BinarySearch,DisjointSet",1
"Constructive,DivideAndConquer",1
"Mathematics,String,Bitmask",1
"GraphTheory,GraphTraversal,Breadth_firstSearch,Constructive",1
"GraphTheory,Bruteforcing,GraphTraversal,Breadth_firstSearch,Depth_firstSearch,Bitmask",1
"Mathematics,DynamicProgramming,DivideAndConquer",1
"Implementation,GraphTheory,Bruteforcing,GraphTraversal,Breadth_firstSearch,Depth_firstSearch,MinimumSpanningTree",1
"Mathematics,DynamicProgramming,Tree",1
"Greedy,Sorting,BinarySearch,Two_pointer",1
"GraphTheory,String,GraphTraversal,Breadth_firstSearch",1
"DataStructures,Sorting,BinarySearch,PriorityQueue",1
"GraphTheory,GraphTraversal,Depth_firstSearch,Tree,GameTheory",1
"GraphTheory,Greedy,GraphTraversal,Depth_firstSearch,Constructive",1
"Mathematics,Bruteforcing,Arithmetic,PrefixSum",1
"Implementation,String,Bruteforcing,Geometry",1
"Implementation,Mathematics,Tree",1
"GraphTheory,DynamicProgramming,GraphTraversal,Knapsack",1
"Mathematics,GraphTheory,Greedy",1
"DataStructures,Sorting,PrefixSum,SetMapByTrees",1
"Mathematics,String,Ad_hoc",1
"Implementation,GraphTheory,DataStructures,GraphTraversal,Breadth_firstSearch,Stack",1
"Mathematics,DataStructures,NumberTheory,BinarySearch,Ad_hoc,SetMapByHashing",1
"DataStructures,Geometry,SetMapByTrees",1
"String,DataStructures,SetMapByHashing,Hashing",1
"Implementation,DataStructures,PriorityQueue,Queue",1
"Implementation,GraphTheory,Dijkstra's,Floyd_warshall",1
"Implementation,Simulation,PrefixSum",1
"Bruteforcing,DataStructures,Sorting,SetMapByHashing,SetMapByTrees",1
"Backtracking,GameTheory",1
"GraphTheory,String,GraphTraversal",1
"Mathematics,Bruteforcing,Geometry,Backtracking",1
"DynamicProgramming,Greedy,Backtracking,Bitmask",1
"DataStructures,Backtracking,SetMapByTrees",1
"DataStructures,Geometry,SegmentTree,DivideAndConquer",1
"GraphTheory,GraphTraversal,Sorting,Breadth_firstSearch,ParametricSearch",1
"PrefixSum,ValueCoordinateCompression",1
"GraphTheory,DynamicProgramming,Knapsack,TopologicalSorting",1
"Bruteforcing,DataStructures,SetMapByTrees",1
"DataStructures,Greedy,PriorityQueue,SegmentTree",1
"DynamicProgramming,PrefixSum,Two_pointer",1
"DynamicProgramming,DataStructures,Stack,DivideAndConquer",1
"DataStructures,Greedy,LongestIncreasingSequenceInO(nLogN)",1
"Implementation,DataStructures,Ad_hoc,Stack",1
"GraphTheory,Bruteforcing,Bitmask",1
"Bruteforcing,DataStructures,Backtracking,Stack",1
"GraphTheory,DynamicProgramming,Dijkstra's,Floyd_warshall",1
"GraphTheory,Greedy,GraphTraversal,Depth_firstSearch,TopologicalSorting",1
"Implementation,GraphTheory,String,GraphTraversal,Depth_firstSearch",1
"Mathematics,DataStructures,NumberTheory,SegmentTree",1
"Mathematics,DynamicProgramming,Sorting,Combinatorics",1
"DynamicProgramming,Bruteforcing,PrefixSum,Backtracking,Bitmask",1
"GraphTheory,Sorting,Dijkstra's",1
"Bruteforcing,Greedy,BinarySearch,PrefixSum,ParametricSearch",1
"DataStructures,SegmentTree,DivideAndConquer",1
"DynamicProgramming,Sorting,Tree,DynamicProgrammingOnTrees",1
"Implementation,DataStructures,Constructive,Stack",1
"DataStructures,Greedy,Deque",1
"Mathematics,DataStructures,SetMapByHashing,ExponentiationBySquaring",1
"Mathematics,DataStructures,Sorting,SetMapByHashing,SetMapByTrees",1
"Mathematics,DynamicProgramming,Backtracking",1
"GraphTheory,DataStructures,GraphTraversal,Depth_firstSearch,Stack",1
"Mathematics,GraphTheory,GraphTraversal,Bitmask",1
"DataStructures,Greedy,Tree,PriorityQueue",1
"Mathematics,DynamicProgramming,Greedy,NumberTheory,PrimalityTest",1
"Bruteforcing,Greedy,BinarySearch,PrefixSum",1
"GraphTheory,DynamicProgramming,GraphTraversal,Depth_firstSearch,Tree,Recursion,DynamicProgrammingOnTrees",1
"Mathematics,NumberTheory,Constructive,PrimalityTest,SieveOfEratosthenes",1
"GraphTheory,GraphTraversal,Breadth_firstSearch,BinarySearch,Tree,ParametricSearch",1
"GraphTheory,DataStructures,Tree,DisjointSet",1
"GraphTheory,GraphTraversal,BinarySearch,Depth_firstSearch,PrefixSum,ParametricSearch",1
"BinarySearch,PrefixSum,ValueCoordinateCompression",1
"DynamicProgramming,TravellingSalesmanProblem",1
"Mathematics,Recursion,ProbabilityTheory,DivideAndConquer",1
"Mathematics,DynamicProgramming,Bruteforcing,Combinatorics,ProbabilityTheory",1
"Mathematics,DynamicProgramming,Sorting,BinarySearch,Combinatorics",1
"GraphTheory,Greedy,Ad_hoc",1
"Implementation,Mathematics,Sorting,NumberTheory,PrimalityTest,SieveOfEratosthenes",1
"GraphTheory,Bruteforcing,Dijkstra's,Floyd_warshall",1
"GraphTheory,Geometry,MinimumSpanningTree",1
"DynamicProgramming,Bruteforcing,Two_pointer",1
"Implementation,GraphTheory,String,DataStructures,GraphTraversal,Simulation,Depth_firstSearch,SetMapByHashing,SetMapByTrees,Recursion",1
"Implementation,GraphTheory,String,DataStructures,GraphTraversal,Simulation,Depth_firstSearch,Tree,SetMapByHashing,SetMapByTrees,Recursion",1
"Implementation,Mathematics,Greedy,Simulation,Arithmetic",1
"GraphTheory,DynamicProgramming,BinarySearch,Dijkstra's",1
"Mathematics,DataStructures,PrefixSum,SegmentTree,ValueCoordinateCompression",1
"DataStructures,Sorting,Geometry,Stack",1
"GraphTheory,GraphTraversal,Sorting,Geometry,Depth_firstSearch,Tree",1
"GraphTheory,Bruteforcing,TopologicalSorting",1
"GraphTheory,GraphTraversal,Sorting,Geometry,Tree",1
"Bruteforcing,BinarySearch,Backtracking,ParametricSearch",1
"Implementation,GraphTheory,GraphTraversal,Tree",1
"DataStructures,Greedy,Sorting,Two_pointer",1
"GraphTheory,DataStructures,Greedy,GraphTraversal,Breadth_firstSearch,Dijkstra's,PriorityQueue",1
"Mathematics,String,Combinatorics,ExponentiationBySquaring",1
"DataStructures,Greedy,PrefixSum,SetMapByHashing,PriorityQueue",1
"Mathematics,BinarySearch,Combinatorics",1
"GraphTheory,GraphTraversal,Breadth_firstSearch,Tree,MinimumSpanningTree",1
"Sorting,LongestIncreasingSequenceInO(nLogN)",1
"Implementation,GraphTheory,DataStructures,GraphTraversal,Breadth_firstSearch,Simulation,DisjointSet",1
"Implementation,Mathematics,DataStructures,SetMapByHashing,SetMapByTrees",1
"Implementation,GraphTheory,Bruteforcing,GraphTraversal,Breadth_firstSearch,Simulation",1
"Mathematics,DynamicProgramming,NumberTheory,PrimalityTest",1
"DynamicProgramming,DataStructures,Greedy,SetMapByTrees,SegmentTree",1
"GraphTheory,GraphTraversal,Sorting,Breadth_firstSearch",1
"Implementation,PrefixSum,Two_pointer",1
"Mathematics,Greedy,BinarySearch,ParametricSearch",1
"DataStructures,Stack,SetMapByTrees",1
"Mathematics,GraphTheory,GraphTraversal,Depth_firstSearch",1
"Mathematics,Ad_hoc,Bitmask",1
"DynamicProgramming,Bitmask,GameTheory",1
"String,DataStructures,Greedy",1
"GraphTheory,DynamicProgramming,GraphTraversal,TopologicalSorting",1
"GraphTheory,GraphTraversal,Depth_firstSearch,PrefixSum,Constructive,Bitmask",1
"Mathematics,BinarySearch,Two_pointer",1
"String,Greedy,BinarySearch",1
"DataStructures,Greedy,Sorting,SetMapByHashing,SetMapByTrees",1
"DataStructures,PrefixSum,Stack",1
"Implementation,Mathematics,String,NumberTheory,EuclideanAlgorithm",1
"DynamicProgramming,Tree,Knapsack,DynamicProgrammingOnTrees",1
"Mathematics,DataStructures,NumberTheory,SetMapByHashing,PrimalityTest",1
"Implementation,Simulation,PrefixSum,Two_pointer,SlidingWindow",1
"DataStructures,Greedy,Tree,SetMapByTrees,PriorityQueue",1
"Implementation,GraphTheory,DataStructures,GraphTraversal,Breadth_firstSearch,Depth_firstSearch,SetMapByHashing",1
"GraphTheory,String,GraphTraversal,Breadth_firstSearch,Depth_firstSearch,Tree",1
"GraphTheory,String,Bruteforcing,Backtracking",1
"Mathematics,Bruteforcing,Geometry,Two_pointer,ParametricSearch",1
"Implementation,String,DataStructures,Sorting,BinarySearch,SetMapByHashing",1
"Mathematics,Bruteforcing,NumberTheory,Backtracking",1
"Implementation,Greedy,Simulation,Two_pointer",1
"Implementation,Bruteforcing,Greedy,Simulation",1
"DynamicProgramming,ParametricSearch",1
"Implementation,Mathematics,GraphTheory,Simulation,ExponentiationBySquaring",1
"DataStructures,PrefixSum,SetMapByHashing,SetMapByTrees",1
"Implementation,GraphTheory,String,DataStructures,GraphTraversal,SetMapByHashing,SetMapByTrees",1
"Implementation,Greedy,Sorting,Ad_hoc,ParametricSearch",1
"Mathematics,GraphTheory,GraphTraversal,NumberTheory,Tree",1
"GraphTheory,DataStructures,GraphTraversal,Breadth_firstSearch,Tree,PriorityQueue",1
"GraphTheory,DynamicProgramming,Dijkstra's,Bitmask,TravellingSalesmanProblem",1
"GraphTheory,DynamicProgramming,GraphTraversal,Breadth_firstSearch,Tree,DynamicProgrammingOnTrees",1
"GraphTheory,GraphTraversal,Breadth_firstSearch,BinarySearch,ParametricSearch",1
"String,PrefixSum,Ad_hoc",1
"Mathematics,Greedy,Backtracking,Bitmask",1
"Implementation,DataStructures,Ad_hoc,PriorityQueue",1
"GraphTheory,DataStructures,Tree,Dijkstra's,DisjointSet",1
"Implementation,Sorting,ValueCoordinateCompression",1
"Greedy,Sorting,BinarySearch,ParametricSearch",1
"Implementation,DataStructures,Sorting,Ad_hoc",1
"Implementation,DataStructures,Sorting,Ad_hoc,SegmentTree",1
"DynamicProgramming,String,DataStructures,SetMapByHashing",1
"Implementation,Ad_hoc,Hashing",1
"Mathematics,DataStructures,NumberTheory,PriorityQueue,Recursion,EuclideanAlgorithm",1
"Implementation,Mathematics,String,DataStructures,Combinatorics,SetMapByHashing",1
"DynamicProgramming,DataStructures,Tree,SetMapByHashing",1
"Implementation,GraphTheory,DynamicProgramming,Greedy,GraphTraversal,Breadth_firstSearch",1
"Implementation,Mathematics,Simulation,Arithmetic,BinarySearch",1
"Implementation,Mathematics,String,Simulation,Arithmetic,Ad_hoc,Recursion",1
"Implementation,Mathematics,Bruteforcing,Greedy,Arithmetic",1
"Mathematics,Sorting,NumberTheory,PrimalityTest,SieveOfEratosthenes",1
"GraphTheory,Bruteforcing,DataStructures,GraphTraversal,Breadth_firstSearch,Depth_firstSearch,Backtracking,DisjointSet",1
"Implementation,GraphTheory,DataStructures,GraphTraversal,Depth_firstSearch,SetMapByHashing,ValueCoordinateCompression",1
"Bruteforcing,Sorting,Geometry,BinarySearch",1
"Implementation,Bruteforcing,Constructive",1
"Mathematics,Bruteforcing,Greedy,Sorting,Arithmetic",1
"Mathematics,String,Bruteforcing,DataStructures,Stack,Recursion",1
"String,DataStructures,Greedy,Stack,Recursion",1
"Implementation,GraphTheory,String,DataStructures,GraphTraversal,Depth_firstSearch,Tree,Stack,Two_pointer",1
"GraphTheory,DynamicProgramming,GraphTraversal,Breadth_firstSearch,Bitmask",1
"Implementation,GraphTheory,DynamicProgramming,Dijkstra's,Bitmask,0_1Bfs",1
"GraphTheory,Bruteforcing,Dijkstra's,Backtracking",1
"DynamicProgramming,Constructive",1
"DynamicProgramming,BinarySearch,PrefixSum,Two_pointer",1
"Mathematics,GraphTheory,DynamicProgramming,GraphTraversal,Depth_firstSearch,Tree,DynamicProgrammingOnTrees",1
"GraphTheory,GraphTraversal,BinarySearch",1
"String,Greedy,Constructive",1
"Mathematics,Bruteforcing,Geometry,Constructive",1
"Bruteforcing,DataStructures,SetMapByHashing,Hashing",1
"Implementation,DataStructures,Greedy,SetMapByHashing,SetMapByTrees",1
"GraphTheory,DynamicProgramming,DataStructures,GraphTraversal,DisjointSet,Knapsack",1
"GraphTheory,Greedy,GraphTraversal,Sorting,Breadth_firstSearch,Depth_firstSearch",1
"DynamicProgramming,Constructive,Knapsack",1
"Implementation,Mathematics,String,Arithmetic,Bitmask",1
"Sorting,PrefixSum,ValueCoordinateCompression",1
"GraphTheory,Floyd_warshall,ValueCoordinateCompression",1
"Mathematics,DynamicProgramming,Tree,DynamicProgrammingOnTrees",1
"Mathematics,DynamicProgramming,DataStructures,Combinatorics,DisjointSet",1
"Mathematics,GraphTheory,GraphTraversal,NumberTheory,Depth_firstSearch,Tree",1
"Implementation,String,DataStructures,Tree,SetMapByHashing,SetMapByTrees",1
"GraphTheory,DynamicProgramming,String,DataStructures,Dijkstra's,SetMapByHashing,Floyd_warshall",1
"DataStructures,Sorting,BinarySearch,SetMapByTrees",1
"Mathematics,Greedy,Bitmask,ProbabilityTheory",1
"Mathematics,Bruteforcing,DataStructures,NumberTheory,SetMapByHashing,PrimalityTest",1
"Greedy,ValueCoordinateCompression",1
"Implementation,GraphTheory,Sorting",1
"Implementation,GraphTheory,Dijkstra's,0_1Bfs",1
"Mathematics,GraphTheory,GraphTraversal,Breadth_firstSearch,Constructive,Ad_hoc",1
"GraphTheory,Greedy,GraphTraversal,Depth_firstSearch,Ad_hoc,Recursion",1
"Mathematics,DataStructures",1
"Greedy,Sorting,Constructive,Ad_hoc,TravellingSalesmanProblem",1
"DataStructures,Tree,PriorityQueue",1
"Mathematics,DataStructures,Combinatorics,Stack",1
"DataStructures,Greedy,Sorting,DisjointSet",1
"Implementation,DataStructures,Greedy",1
"DynamicProgramming,DataStructures,BinarySearch",1
"DataStructures,Greedy,Sorting,Bitmask,PriorityQueue",1
"DataStructures,Ad_hoc,PriorityQueue",1
"Bruteforcing,Sorting,Geometry,Two_pointer",1
"Mathematics,DynamicProgramming,Sorting,NumberTheory",1
"DataStructures,Sorting,PrefixSum,ValueCoordinateCompression",1
"Mathematics,DynamicProgramming,NumberTheory,PrefixSum,PrimalityTest,SieveOfEratosthenes,GameTheory",1
"String,Greedy,Backtracking",1
"Implementation,Mathematics,Sorting,Arithmetic",1
"DynamicProgramming,BinarySearch,ValueCoordinateCompression",1
"DynamicProgramming,String,Tree,Recursion,DynamicProgrammingOnTrees",1
"Mathematics,Bruteforcing,NumberTheory,Backtracking,PrimalityTest,SieveOfEratosthenes",1
"Greedy,Sorting,PrefixSum,Two_pointer",1
"Implementation,Mathematics,Bruteforcing,NumberTheory,PrimalityTest",1
"Implementation,String,Bruteforcing,BinarySearch",1
"DataStructures,Sorting,Constructive,SetMapByHashing",1
"Implementation,Mathematics,DynamicProgramming,Sorting",1
"Implementation,String,DataStructures,Simulation,SetMapByHashing,Stack",1
"DataStructures,PrefixSum,Constructive,DisjointSet",1
"Mathematics,GraphTheory,Greedy,GraphTraversal,Breadth_firstSearch",1
"DynamicProgramming,Bruteforcing,Recursion",1
"Mathematics,DataStructures,Greedy,SetMapByHashing,GameTheory",1
"Implementation,Sorting,Bitmask",1
"Sorting,Geometry,Constructive",1
"DataStructures,BinarySearch,Stack",1
"Mathematics,Greedy,Geometry",1
"Implementation,String,Two_pointer,SlidingWindow",1
"GraphTheory,String,DataStructures,GraphTraversal,DisjointSet",1
"DynamicProgramming,BinarySearch,Two_pointer",1
"Mathematics,Bruteforcing,Recursion,ProbabilityTheory",1
"DataStructures,SetMapByHashing,Bitmask,SetMapByTrees",1
"Implementation,String,DataStructures,Simulation,Deque",1
"Implementation,Mathematics,Simulation,Recursion",1
"Implementation,GraphTheory,GraphTraversal,Ad_hoc",1
"Greedy,Geometry,GameTheory",1
"Mathematics,Greedy,Sorting,Geometry",1
"Implementation,DataStructures,Simulation,SetMapByTrees,Queue",1
"DynamicProgramming,Geometry,Bitmask,TravellingSalesmanProblem",1
"Mathematics,Bruteforcing,NumberTheory,Recursion,EuclideanAlgorithm,DivideAndConquer",1
"Mathematics,Constructive,Combinatorics,Tree",1
"Mathematics,String,DataStructures,Combinatorics,SetMapByTrees",1
"DataStructures,Greedy,Two_pointer,Deque",1
"Implementation,GraphTheory,Greedy,GraphTraversal,Depth_firstSearch,Tree",1
"Implementation,DataStructures,Constructive,SetMapByHashing",1
"DataStructures,Greedy,Sorting,SetMapByTrees,PriorityQueue",1
"DynamicProgramming,PrefixSum,Knapsack",1
"DynamicProgramming,Two_pointer",1
"GraphTheory,GraphTraversal,BinarySearch,Dijkstra's,MinimumSpanningTree",1
"Mathematics,Sorting,NumberTheory,Geometry,BinarySearch",1
"String,Geometry",1
"DataStructures,SetMapByHashing,SetMapByTrees,PriorityQueue",1
"DataStructures,BinarySearch,PriorityQueue,ParametricSearch",1
"DataStructures,Sorting,PrefixSum,Stack,SetMapByTrees",1
"Bruteforcing,DataStructures,SetMapByHashing,Bitmask,Recursion,Hashing",1
"GraphTheory,Bruteforcing,MinimumSpanningTree",1
"Mathematics,Sorting,BinarySearch,PrefixSum",1
"Mathematics,NumberTheory,Constructive,PrimalityTest",1
"String,Bruteforcing,DataStructures,Stack,Recursion",1
"Mathematics,Bruteforcing,Greedy,NumberTheory,PrimalityTest",1
"DataStructures,Two_pointer,PriorityQueue,SegmentTree",1
"Implementation,DataStructures,Simulation,DisjointSet",1
"DataStructures,Greedy,PriorityQueue,GameTheory",1
"Bruteforcing,Greedy,Ad_hoc,ValueCoordinateCompression",1
"Mathematics,Bruteforcing,Greedy",1
"String,DataStructures,Sorting,SetMapByTrees",1
"Bruteforcing,DataStructures,Backtracking,DisjointSet",1
"BinarySearch,DivideAndConquer",1
"Mathematics,DynamicProgramming,Bitmask,ProbabilityTheory",1
"Implementation,String,DataStructures,SetMapByTrees,PriorityQueue",1
"Mathematics,DataStructures,Sorting,Combinatorics,SetMapByTrees",1
"DataStructures,Sorting",1
"GraphTheory,DynamicProgramming,String,GraphTraversal,Breadth_firstSearch,Bitmask",1
"Greedy,PrefixSum,Two_pointer",1
"Implementation,String,Greedy,Ad_hoc",1
"String,PrefixSum",1
"Mathematics,DataStructures,Combinatorics,SetMapByTrees",1
"GraphTheory,DataStructures,Sorting,Tree,SetMapByHashing,TopologicalSorting",1
"GraphTheory,DynamicProgramming,GraphTraversal,Depth_firstSearch,Constructive,Tree,Ad_hoc,DynamicProgrammingOnTrees",1
"Mathematics,GraphTheory,GraphTraversal,NumberTheory,EuclideanAlgorithm",1
"Mathematics,Bruteforcing,Greedy,Sorting,Combinatorics",1
"Mathematics,DataStructures,SetMapByHashing,SetMapByTrees",1
"Implementation,Greedy,Bitmask",1
"Bruteforcing,BinarySearch",1
"GraphTheory,DataStructures,GraphTraversal,Sorting,Breadth_firstSearch,SetMapByTrees,PriorityQueue",1
"GraphTheory,DataStructures,Greedy,GraphTraversal,PriorityQueue",1
"Implementation,Mathematics,String,Arithmetic,ProbabilityTheory",1
"GraphTheory,DataStructures,Geometry,DisjointSet",1
"GraphTheory,Ad_hoc,Dijkstra's",1
"GraphTheory,DataStructures,GraphTraversal,Breadth_firstSearch,Queue",1
"Mathematics,BinarySearch,ProbabilityTheory",1
"DynamicProgramming,Bruteforcing,Sorting",1
"Mathematics,GraphTheory,GraphTraversal,NumberTheory,PrimalityTest,SieveOfEratosthenes",1
"DataStructures,Stack,DivideAndConquer",1
"Sorting,Two_pointer,ValueCoordinateCompression",1
"GraphTheory,DynamicProgramming,GraphTraversal,Breadth_firstSearch,Dijkstra's,Bitmask,TravellingSalesmanProblem",1
"Implementation,GraphTheory,Bruteforcing,GraphTraversal,Simulation",1
"String,Greedy,Sorting,BinarySearch",1
"Implementation,GraphTheory,GraphTraversal,Breadth_firstSearch,Depth_firstSearch,ValueCoordinateCompression",1
"Mathematics,NumberTheory,Two_pointer",1
"Bruteforcing,Backtracking,Recursion",1
"Implementation,GraphTheory,GraphTraversal,Breadth_firstSearch,Geometry",1
"Bruteforcing,Sorting,Geometry",1
"Implementation,GraphTheory,Bruteforcing,GraphTraversal,Breadth_firstSearch,Geometry,Depth_firstSearch",1
"DataStructures,BinarySearch,SegmentTree,SlidingWindow,Deque",1
"Implementation,Bruteforcing,Geometry,Backtracking",1
"Implementation,DataStructures,Geometry,PrefixSum,SetMapByHashing",1
"GraphTheory,GraphTraversal,Depth_firstSearch,Knapsack",1
"GraphTheory,DataStructures,GraphTraversal,Depth_firstSearch,SetMapByTrees",1
"Implementation,GraphTheory,GraphTraversal,Breadth_firstSearch,Simulation,Dijkstra's",1
"DynamicProgramming,DataStructures,PrefixSum,SegmentTree,ValueCoordinateCompression",1
"Implementation,Sorting,Geometry",1
"Mathematics,Bruteforcing,Arithmetic,Bitmask",1
"String,Bruteforcing,Greedy,Backtracking",1
"String,Greedy,Two_pointer",1
"DataStructures,Greedy,BinarySearch,SetMapByTrees",1
"Mathematics,Bruteforcing,DataStructures,NumberTheory,SetMapByHashing,EuclideanAlgorithm",1
"GraphTheory,Dijkstra's,TopologicalSorting",1
"Mathematics,Bruteforcing,Recursion,DivideAndConquer",1
"Implementation,Sorting,Simulation,Geometry",1
"DynamicProgramming,Sorting,LongestIncreasingSequenceInO(nLogN)",1
"DataStructures,Two_pointer,SlidingWindow",1
"DataStructures,Sorting,SetMapByTrees,SegmentTree",1
"Mathematics,Bruteforcing,Combinatorics,ProbabilityTheory",1
"Bruteforcing,DataStructures,SetMapByHashing,Recursion",1
"Implementation,GraphTheory,Bruteforcing,GraphTraversal,Breadth_firstSearch,Simulation,Depth_firstSearch,Backtracking",1
"String,Bruteforcing,DataStructures,Stack",1
"Implementation,GraphTheory,DataStructures,Dijkstra's,SetMapByHashing",1
"Implementation,GraphTheory,Bruteforcing,GraphTraversal,Simulation,Depth_firstSearch,Backtracking",1
"String,DataStructures,Sorting,Tree",1
"Greedy,BinarySearch,LongestIncreasingSequenceInO(nLogN)",1
"Implementation,String,DataStructures,Sorting,Simulation,SetMapByHashing,SetMapByTrees",1
"GraphTheory,String,DataStructures,GraphTraversal,SetMapByHashing",1
"Mathematics,GraphTheory,DynamicProgramming,Combinatorics,Dijkstra's,ProbabilityTheory",1
"String,Bruteforcing,Sorting",1
"DataStructures,Greedy,Sorting,PriorityQueue,SegmentTree",1
"Implementation,GraphTheory,GraphTraversal,Breadth_firstSearch,Dijkstra's",1
"String,Bruteforcing,SlidingWindow",1
"Implementation,GraphTheory,GraphTraversal,Bitmask",1
"GraphTheory,DataStructures,GraphTraversal,Depth_firstSearch,Backtracking,Stack",1
"Implementation,Mathematics,Bruteforcing,DataStructures,Greedy,PriorityQueue",1
"Sorting,Geometry,BinarySearch",1
"Mathematics,String,Bruteforcing,NumberTheory,PrimalityTest,SieveOfEratosthenes",1
"DynamicProgramming,Bruteforcing,BinarySearch,Backtracking,Bitmask",1
"GraphTheory,GraphTraversal,Tree,Recursion",1
"Implementation,Mathematics,Constructive,Backtracking",1
"Mathematics,Bruteforcing,Combinatorics,Bitmask",1
"GraphTheory,PrefixSum,Dijkstra's",1
"Mathematics,Greedy,DivideAndConquer",1
"Implementation,GraphTheory,GraphTraversal,Simulation,Dijkstra's,0_1Bfs",1
"DataStructures,Greedy,Stack,Two_pointer",1
"DataStructures,PrefixSum,SetMapByHashing,Hashing",1
"Implementation,String,Backtracking",1
"Implementation,GraphTheory,Bruteforcing,Greedy,GraphTraversal,Breadth_firstSearch,Geometry,Depth_firstSearch",1
"GraphTheory,DynamicProgramming,Bruteforcing,TopologicalSorting",1
"Mathematics,Bruteforcing,NumberTheory,PrimalityTest,SieveOfEratosthenes,SlidingWindow",1
"Implementation,DynamicProgramming,String,Simulation",1
"Tree,SlidingWindow",1
"Implementation,DataStructures,Greedy,Simulation,PriorityQueue",1
"Mathematics,DynamicProgramming,NumberTheory,PrimalityTest,SieveOfEratosthenes,Knapsack",1
"GraphTheory,GraphTraversal,Depth_firstSearch,TopologicalSorting",1
"DataStructures,Sorting,BinarySearch,DisjointSet",1
"Geometry,Recursion,DivideAndConquer",1
"GraphTheory,String,MinimumSpanningTree",1
"GraphTheory,DataStructures,Dijkstra's",1
"Mathematics,GraphTheory,Bruteforcing,GraphTraversal,Depth_firstSearch,Backtracking",1
"Implementation,Mathematics,Bruteforcing,ProbabilityTheory",1
"Mathematics,String,DataStructures,Combinatorics,SetMapByHashing",1
"Implementation,Mathematics,Bruteforcing,Simulation,Arithmetic",1
"Implementation,DataStructures,Tree,Stack,Recursion",1
"Mathematics,Bruteforcing,Sorting,Geometry",1
"Mathematics,Sorting,Geometry,PrefixSum",1
"DynamicProgramming,Greedy,Sorting,GameTheory",1
"DataStructures,Two_pointer",1
"DataStructures,Greedy,SegmentTree,DivideAndConquer",1
"Implementation,Greedy,Ad_hoc",1
"GraphTheory,Constructive,Tree",1
"Implementation,DynamicProgramming,Bitmask",1
"Mathematics,GraphTheory,DynamicProgramming,GraphTraversal,Combinatorics,Tree,DynamicProgrammingOnTrees",1
"Implementation,DynamicProgramming,PrefixSum",1
"GraphTheory,DataStructures,GraphTraversal,Depth_firstSearch,SetMapByHashing,TopologicalSorting",1
"String,DataStructures,Tree,Recursion",1
"Implementation,PrefixSum,SlidingWindow",1
"GraphTheory,Constructive,Backtracking",1
"GraphTheory,Constructive,Ad_hoc,Floyd_warshall",1
"Implementation,String,DivideAndConquer",1
"Mathematics,String,Combinatorics,Backtracking",1
"Implementation,GraphTheory,String,DataStructures,GraphTraversal,SetMapByHashing",1
"Implementation,Mathematics,Bruteforcing,NumberTheory",1
"GraphTheory,DataStructures",1
"Geometry,PrefixSum,Two_pointer",1
"Implementation,GraphTheory,String,DataStructures,GraphTraversal,Breadth_firstSearch,Dijkstra's,SetMapByHashing",1
"GraphTheory,DataStructures,GraphTraversal,Depth_firstSearch,SetMapByHashing,Backtracking",1
"Implementation,Mathematics,Bruteforcing,Simulation,ProbabilityTheory",1
"GraphTheory,GraphTraversal,Depth_firstSearch,Tree,Recursion,DivideAndConquer",1
"GraphTheory,DynamicProgramming,Bruteforcing,Sorting,TopologicalSorting",1
"Mathematics,Combinatorics,Backtracking,Recursion",1
"GraphTheory,Bruteforcing,Geometry,MinimumSpanningTree",1
"Implementation,GraphTheory,Bruteforcing,GraphTraversal,Depth_firstSearch,Recursion",1
"Implementation,DataStructures,SlidingWindow,Queue",1
"GraphTheory,DataStructures,TopologicalSorting",1
"Implementation,Mathematics,Recursion,DivideAndConquer",1
"Implementation,String,Greedy,Tree",1
"GraphTheory,GraphTraversal,Sorting,Tree",1
"Mathematics,DataStructures,PriorityQueue",1
"Implementation,Mathematics,Sorting,Simulation",1
"DynamicProgramming,DataStructures,Greedy,SlidingWindow,Deque",1
"GraphTheory,DataStructures,GraphTraversal",1
"Implementation,Mathematics,NumberTheory,Simulation,Recursion,EuclideanAlgorithm",1
"Mathematics,GraphTheory,GraphTraversal,Breadth_firstSearch,NumberTheory",1
"DynamicProgramming,String,Greedy,Bitmask",1
"Mathematics,DynamicProgramming,Bruteforcing,NumberTheory,PrimalityTest",1
"GraphTheory,String,DataStructures,GraphTraversal,Depth_firstSearch,SetMapByHashing,SetMapByTrees",1
"Mathematics,DynamicProgramming,Greedy,Knapsack",1
"Mathematics,Sorting,Ad_hoc,Backtracking",1
"Implementation,Bruteforcing,Simulation,PrefixSum",1
"DataStructures,SegmentTree,Deque",1
"GraphTheory,GraphTraversal,Breadth_firstSearch,BinarySearch,Depth_firstSearch,Two_pointer",1
"DynamicProgramming,Bruteforcing,DataStructures,PrefixSum,SetMapByHashing,DivideAndConquer",1
"DynamicProgramming,DataStructures,Sorting,BinarySearch",1
"String,DataStructures,Sorting,BinarySearch,SetMapByHashing",1
"DataStructures,PrefixSum,Stack,SegmentTree,DivideAndConquer",1
"GraphTheory,Sorting,MinimumSpanningTree",1
"GraphTheory,GraphTraversal,Breadth_firstSearch,MinimumSpanningTree",1
"GraphTheory,Bruteforcing,GraphTraversal,Breadth_firstSearch,Depth_firstSearch,Backtracking",1
"Bruteforcing,BinarySearch,ParametricSearch",1
"DynamicProgramming,DataStructures,SegmentTree,LongestIncreasingSequenceInO(nLogN)",1
"Mathematics,Constructive,Tree",1
"DynamicProgramming,BinarySearch,ParametricSearch",1
"Sorting,Geometry,BinarySearch,Two_pointer",1
"Implementation,String,DataStructures,Simulation,SetMapByHashing",1
"GraphTheory,DynamicProgramming,GraphTraversal,Depth_firstSearch,TopologicalSorting",1
"DataStructures,SlidingWindow,Queue",1
"Implementation,DataStructures,Sorting,BinarySearch,SetMapByTrees",1
"DynamicProgramming,Bruteforcing,PrefixSum,ParametricSearch",1
"Implementation,String,DataStructures,Stack,Deque",1
"Mathematics,Greedy,NumberTheory,PrimalityTest,SieveOfEratosthenes",1
"DataStructures,Geometry,BinarySearch,SetMapByHashing,ValueCoordinateCompression",1
"Bruteforcing,Sorting,BinarySearch,Two_pointer",1
"Mathematics,Greedy,Backtracking",1
"Mathematics,DataStructures,NumberTheory,PriorityQueue",1
"Mathematics,Two_pointer",1
"Mathematics,NumberTheory,Backtracking",1
"Mathematics,Constructive,Ad_hoc,Recursion",1
"DataStructures,BinarySearch",1
"Greedy,DivideAndConquer",1
"Implementation,Greedy,Constructive,Tree",1
"GraphTheory,DataStructures,GraphTraversal,Depth_firstSearch,Tree,Stack",1
"Mathematics,Bruteforcing,Backtracking",1
"DataStructures,SlidingWindow,Deque",1
"Mathematics,NumberTheory,Arithmetic",1
"Implementation,DynamicProgramming,String,Backtracking",1
"GraphTheory,DataStructures,Tree,Stack",1
"GraphTheory,Bruteforcing,GraphTraversal,Depth_firstSearch",1
"GraphTheory,DynamicProgramming,GraphTraversal,Dijkstra's",1
"DynamicProgramming,Sorting,BinarySearch",1
"Bruteforcing,ValueCoordinateCompression",1
"Mathematics,String,NumberTheory,PrimalityTest",1
"Implementation,Mathematics,Sorting,Ad_hoc",1
"Implementation,PrefixSum,DivideAndConquer",1
"GraphTheory,BinarySearch,MinimumSpanningTree",1
"GraphTheory,DataStructures,GraphTraversal,DisjointSet,Floyd_warshall",1
"DynamicProgramming,Greedy,BinarySearch",1
"Implementation,GraphTheory,GraphTraversal,Sorting,Breadth_firstSearch,BinarySearch,Depth_firstSearch,ValueCoordinateCompression",1
"Implementation,Bruteforcing,Sorting,PrefixSum",1
"Implementation,GraphTheory,Bruteforcing,GraphTraversal,Depth_firstSearch",1
"DynamicProgramming,Bruteforcing,Greedy",1
"Mathematics,NumberTheory,Backtracking,PrimalityTest",1
"GraphTheory,DataStructures,GraphTraversal,Breadth_firstSearch,Geometry,Depth_firstSearch,SetMapByHashing,SetMapByTrees",1
"GraphTheory,DynamicProgramming,String,DataStructures,GraphTraversal,Breadth_firstSearch,Depth_firstSearch,SetMapByHashing",1
"Implementation,DataStructures,Simulation,Deque,Queue",1
"String,DataStructures,Sorting,SetMapByHashing,Backtracking",1
"Implementation,Mathematics,Bruteforcing,NumberTheory,Simulation,EuclideanAlgorithm",1
ParametricSearch,1
"DataStructures,SetMapByHashing,DisjointSet",1
"Mathematics,String,DataStructures,Stack,ProbabilityTheory",1
"Mathematics,NumberTheory,PrimalityTest,ExponentiationBySquaring",1
"Implementation,Mathematics,Combinatorics,Recursion",1
"GraphTheory,GraphTraversal,Breadth_firstSearch,Ad_hoc,Backtracking",1
"DataStructures,Sorting,SegmentTree,ValueCoordinateCompression",1
"GraphTheory,GraphTraversal,Depth_firstSearch,Tree,TopologicalSorting",1
"GraphTheory,Bruteforcing,GraphTraversal,Depth_firstSearch,Tree",1
"Mathematics,Combinatorics,Two_pointer",1
"Implementation,Mathematics,Greedy,Sorting,Arithmetic",1
"GraphTheory,GraphTraversal,Bitmask",1
"Implementation,GraphTheory,String,Dijkstra's",1
"DataStructures,Greedy,Constructive",1
"Implementation,Mathematics,String,Simulation,ProbabilityTheory",1
"Implementation,Tree,Recursion",1
"Implementation,GraphTheory,String,GraphTraversal,Tree",1
"Implementation,DataStructures,Greedy,BinarySearch,SetMapByHashing",1
"DynamicProgramming,DataStructures,SetMapByHashing,GameTheory",1
"Mathematics,GraphTheory,GraphTraversal,Breadth_firstSearch,NumberTheory,Depth_firstSearch,EuclideanAlgorithm",1
"Bruteforcing,Geometry,ValueCoordinateCompression",1
"GraphTheory,Bruteforcing,GraphTraversal,Breadth_firstSearch,Backtracking",1
"String,Bruteforcing,DataStructures,Sorting,SetMapByTrees",1
"Implementation,GraphTheory,DynamicProgramming,Geometry,Dijkstra's",1
"Implementation,String,DataStructures,Sorting,SetMapByTrees",1
"Implementation,DynamicProgramming,Knapsack",1
"DataStructures,SetMapByHashing,Two_pointer,SetMapByTrees",1
"String,DataStructures,SetMapByHashing,SetMapByTrees,DisjointSet",1
"Implementation,Mathematics,Bruteforcing,Sorting,BinarySearch",1
"GraphTheory,DynamicProgramming,Greedy,GraphTraversal,Depth_firstSearch,Tree,Ad_hoc,DynamicProgrammingOnTrees",1
"GraphTheory,DynamicProgramming,GraphTraversal,Breadth_firstSearch,Depth_firstSearch,Tree,DynamicProgrammingOnTrees",1
"Implementation,Mathematics,DataStructures,Constructive,Bitmask,SegmentTree",1
"Implementation,DynamicProgramming,String,Ad_hoc",1
"Mathematics,Sorting,Geometry,BinarySearch",1
"DynamicProgramming,Greedy,LongestIncreasingSequenceInO(nLogN)",1
"DataStructures,Sorting,PrefixSum,SetMapByHashing",1
"GraphTheory,DynamicProgramming,Bitmask",1
"GraphTheory,DynamicProgramming,String,Bruteforcing,GraphTraversal",1
"DynamicProgramming,DataStructures,BinarySearch,SegmentTree",1
"DynamicProgramming,DataStructures,Tree",1
"Mathematics,Sorting,ProbabilityTheory",1
"Mathematics,Bruteforcing,Combinatorics,Backtracking",1
"Implementation,Mathematics,String,DataStructures,Stack",1
"Mathematics,Tree,Recursion",1
"Implementation,Backtracking,Recursion",1
"Mathematics,Bruteforcing,NumberTheory,Combinatorics,PrimalityTest,SieveOfEratosthenes",1
"Mathematics,GraphTheory,DynamicProgramming,GraphTraversal,Combinatorics,Bitmask",1
"DataStructures,PrefixSum,Deque",1
"Implementation,Bruteforcing,Sorting,BinarySearch,Two_pointer",1
"DataStructures,Stack,Recursion",1
"Mathematics,DynamicProgramming,Bruteforcing,ProbabilityTheory",1
"GraphTheory,DataStructures,Two_pointer,DisjointSet,MinimumSpanningTree",1
"GraphTheory,GraphTraversal,Backtracking",1
"String,Bruteforcing,DataStructures,SetMapByHashing,Hashing",1
"DataStructures,PriorityQueue,SlidingWindow,Deque",1
"DataStructures,SetMapByHashing,ValueCoordinateCompression",1
"DataStructures,Sorting,BinarySearch,PrefixSum,SetMapByHashing",1
"Implementation,String,DataStructures,Stack,Queue",1
"GraphTheory,DataStructures,GraphTraversal,Breadth_firstSearch,SetMapByHashing,SetMapByTrees",1
"Mathematics,DataStructures,NumberTheory,PrimalityTest,DisjointSet,SieveOfEratosthenes",1
"Implementation,DataStructures,Simulation,SegmentTree",1
"Mathematics,Bruteforcing,Greedy,Sorting",1
"Mathematics,DataStructures,Sorting,PriorityQueue",1
"PrefixSum,Tree",1
"GraphTheory,Bruteforcing,GraphTraversal,Breadth_firstSearch,Tree",1
"DataStructures,Tree,SetMapByHashing",1
"Mathematics,DynamicProgramming,DataStructures,NumberTheory,SetMapByHashing",1
"Implementation,Mathematics,DataStructures,Simulation,Queue",1
"GraphTheory,BinarySearch,Two_pointer",1
"Mathematics,GraphTheory,DynamicProgramming,Tree",1
"String,Backtracking",1
"GraphTheory,Bruteforcing,Backtracking",1
"Mathematics,NumberTheory,Geometry,Constructive",1
"Mathematics,DynamicProgramming,NumberTheory,PrefixSum",1
"Implementation,String,Bruteforcing,Recursion",1
"Mathematics,NumberTheory,Combinatorics,PrimalityTest",1
"Mathematics,NumberTheory,Bitmask,EuclideanAlgorithm",1
"Mathematics,GraphTheory,GraphTraversal,Breadth_firstSearch,Depth_firstSearch",1
"Mathematics,DynamicProgramming,NumberTheory,Two_pointer,PrimalityTest",1
"Bruteforcing,Greedy,Sorting,PrefixSum",1
"GraphTheory,DynamicProgramming,DataStructures,GraphTraversal,Two_pointer,PriorityQueue",1
"Mathematics,ValueCoordinateCompression",1
"Mathematics,GraphTheory,Greedy,Combinatorics",1
"DataStructures,Greedy,Stack,SegmentTree",1
"Implementation,GraphTheory,DataStructures,SetMapByHashing,Floyd_warshall",1
"DynamicProgramming,DataStructures,SegmentTree,ValueCoordinateCompression",1
"Implementation,Bruteforcing,Tree",1
"Mathematics,Tree,Bitmask",1
"Constructive,Ad_hoc,Backtracking",1
"Bruteforcing,Sorting,Backtracking",1
"Implementation,DataStructures,Greedy,Sorting,Queue",1
"Bruteforcing,DataStructures,Tree",1
"Implementation,Mathematics,String,ProbabilityTheory",1
"Mathematics,Ad_hoc,GameTheory",1
"Mathematics,Sorting,Ad_hoc,Two_pointer",1
"Mathematics,String,Combinatorics,ProbabilityTheory",1
"Implementation,Ad_hoc,Two_pointer",1
"DynamicProgramming,DataStructures,Queue",1
"Implementation,Bruteforcing,DataStructures,Greedy,Sorting,Two_pointer,Deque",1
"Implementation,GraphTheory,Bruteforcing,Greedy,GraphTraversal",1
"Bruteforcing,Tree",1
"Mathematics,Greedy,Combinatorics,GameTheory",1
"Mathematics,Recursion,DivideAndConquer",1
"GraphTheory,Greedy,GraphTraversal,Breadth_firstSearch,Constructive",1
"Bruteforcing,Backtracking,Bitmask",1
"Mathematics,Bruteforcing,Greedy,ProbabilityTheory",1
"Implementation,Mathematics,DynamicProgramming,Combinatorics",1
"Implementation,String,Bruteforcing,DataStructures,Simulation,Stack",1
"DynamicProgramming,DataStructures,SetMapByTrees",1
"Implementation,Simulation,BinarySearch,ParametricSearch",1
"Mathematics,DynamicProgramming,Greedy,NumberTheory",1
"Mathematics,GraphTheory,DataStructures,GraphTraversal,Breadth_firstSearch,Depth_firstSearch,DisjointSet",1
"Bruteforcing,DataStructures,Stack",1
"Bruteforcing,DataStructures,Tree,SetMapByHashing",1
"DynamicProgramming,DataStructures,Greedy,Tree,SetMapByHashing,DynamicProgrammingOnTrees",1
"Mathematics,DynamicProgramming,NumberTheory,ExponentiationBySquaring",1
"Mathematics,Bruteforcing,Ad_hoc,ProbabilityTheory",1
"Mathematics,GraphTheory,GraphTraversal,Depth_firstSearch,Tree,ProbabilityTheory",1
"GraphTheory,DataStructures,Constructive,Ad_hoc,DisjointSet",1
"DataStructures,SetMapByHashing,Hashing",1
"GraphTheory,DynamicProgramming,GraphTraversal,Breadth_firstSearch,Depth_firstSearch",1
"Implementation,Mathematics,Greedy,Simulation,Bitmask",1
"Mathematics,Sorting,NumberTheory,EuclideanAlgorithm",1
"DataStructures,Tree,SegmentTree",1
"Implementation,GraphTheory,DataStructures,GraphTraversal,Breadth_firstSearch,PriorityQueue",1
"GraphTheory,DataStructures,GraphTraversal,Breadth_firstSearch,Dijkstra's,PriorityQueue",1
"GraphTheory,GraphTraversal,Depth_firstSearch,DivideAndConquer",1
"Bruteforcing,Ad_hoc,Backtracking",1
"Bruteforcing,Constructive",1
"Implementation,String,Bruteforcing,DataStructures,SetMapByHashing,Backtracking",1
"GraphTheory,String",1
"String,DataStructures,Tree,SetMapByHashing,SetMapByTrees",1
"GraphTheory,DataStructures,DisjointSet,TopologicalSorting",1
"DataStructures,SetMapByTrees,SegmentTree",1
"Implementation,Mathematics,GameTheory",1
"Mathematics,GraphTheory,NumberTheory,Dijkstra's,PrimalityTest,SieveOfEratosthenes",1
"DataStructures,SegmentTree,LongestIncreasingSequenceInO(nLogN)",1
"Implementation,String,Geometry",1
"Implementation,String,Bruteforcing,Sorting,Backtracking",1
"GraphTheory,DynamicProgramming,GraphTraversal,Depth_firstSearch,Bitmask,TravellingSalesmanProblem",1
"Implementation,Sorting,SlidingWindow",1
"Implementation,Mathematics,DataStructures,NumberTheory,Simulation,PrimalityTest,PriorityQueue,SieveOfEratosthenes",1
"Implementation,GraphTheory,Bruteforcing,GraphTraversal,Breadth_firstSearch,Depth_firstSearch,Backtracking",1
"Implementation,Mathematics,GraphTheory,GraphTraversal,Simulation,ExponentiationBySquaring",1
"Mathematics,Arithmetic,PrefixSum",1
"Constructive,Bitmask,Recursion",1
"GraphTheory,DataStructures,GraphTraversal,Depth_firstSearch,Stack,TopologicalSorting,Deque",1
"Implementation,DataStructures,DisjointSet",1
"Mathematics,DynamicProgramming,PrefixSum,ProbabilityTheory",1
"Bruteforcing,LongestIncreasingSequenceInO(nLogN)",1
"Implementation,Mathematics,String,NumberTheory",1
"Mathematics,Bruteforcing,Sorting",1
"DataStructures,Ad_hoc,Stack,Deque",1
"Bruteforcing,DataStructures,BinarySearch",1
"DynamicProgramming,Bruteforcing,Geometry",1
"Implementation,Mathematics,Bruteforcing,Ad_hoc",1
"Mathematics,Bruteforcing,Greedy,Sorting,Geometry",1
"GraphTheory,DataStructures,GraphTraversal,Breadth_firstSearch,Depth_firstSearch,Tree,Bitmask",1
"GraphTheory,DataStructures,GraphTraversal,Breadth_firstSearch,Dijkstra's,0_1Bfs",1
"BinarySearch,Two_pointer,ParametricSearch",1
"DataStructures,Sorting,SegmentTree,GameTheory,DivideAndConquer",1
"Mathematics,DynamicProgramming,DataStructures,ProbabilityTheory",1
"DataStructures,SetMapByHashing,PriorityQueue",1
"GraphTheory,DynamicProgramming,Dijkstra's,0_1Bfs",1
"DynamicProgramming,DataStructures,BinarySearch,SetMapByTrees",1
"Implementation,Simulation,BinarySearch",1
"Implementation,Mathematics,Ad_hoc",1
"Mathematics,DataStructures,Geometry,Combinatorics,SetMapByTrees",1
"Mathematics,DataStructures,Tree,Stack",1
"DataStructures,Sorting,SetMapByHashing,Bitmask,SetMapByTrees",1
"GraphTheory,Tree,Ad_hoc",1
"Mathematics,Combinatorics,Backtracking",1
"GraphTheory,DataStructures,GraphTraversal,Geometry,Depth_firstSearch,SetMapByHashing",1
"Implementation,Mathematics,Bruteforcing,Arithmetic,Combinatorics,ProbabilityTheory",1
"Implementation,Mathematics,DataStructures,SetMapByTrees",1
"Backtracking,Recursion",1
"Mathematics,DataStructures,SetMapByHashing,ValueCoordinateCompression",1
"Implementation,Mathematics,DataStructures,Sorting,PriorityQueue",1
"Sorting,BinarySearch,ParametricSearch",1
"GraphTheory,BinarySearch,Floyd_warshall",1
"Implementation,Mathematics,Bruteforcing,DataStructures,Combinatorics,SetMapByTrees",1
"DataStructures,Two_pointer,SetMapByTrees,SegmentTree",1
"Mathematics,Bruteforcing,DataStructures,Sorting,SetMapByHashing",1
"GraphTheory,Geometry,Dijkstra's,Floyd_warshall",1
"DataStructures,BinarySearch,SegmentTree,ValueCoordinateCompression",1
"Mathematics,ParametricSearch",1
"DynamicProgramming,String,DataStructures,Tree,Stack,DynamicProgrammingOnTrees",1
"DataStructures,Tree,SegmentTree,Recursion",1
"Implementation,Mathematics,Simulation,Bitmask,ExponentiationBySquaring",1
"GraphTheory,Bruteforcing,GraphTraversal,Backtracking",1
"Implementation,GraphTheory,GraphTraversal,Breadth_firstSearch,Geometry,Depth_firstSearch",1
"Implementation,DataStructures,SetMapByHashing,SetMapByTrees",1
"Implementation,String,DataStructures,Sorting,Deque",1
"Mathematics,Geometry,Recursion",1
"String,Sorting,BinarySearch",1
"Implementation,DynamicProgramming,DataStructures,SetMapByTrees",1
"Implementation,GraphTheory,Bruteforcing",1
"DynamicProgramming,String,Bruteforcing,Recursion,DivideAndConquer",1
"DataStructures,Sorting,Geometry,Stack,DisjointSet",1
"DataStructures,SegmentTree,SlidingWindow",1
"GraphTheory,BinarySearch,PrefixSum,Dijkstra's",1
"Implementation,DynamicProgramming,Bruteforcing,Bitmask",1
"GraphTheory,DataStructures,GraphTraversal,Geometry,Depth_firstSearch,DisjointSet",1
"Mathematics,Constructive,Recursion",1
"Implementation,String,Bruteforcing,Simulation",1
"Mathematics,DataStructures,Combinatorics,SetMapByHashing",1
"Implementation,Mathematics,NumberTheory,ExponentiationBySquaring",1
"Greedy,Backtracking",1
"Implementation,Mathematics,Sorting,BinarySearch,PrefixSum",1
"Implementation,DataStructures,Greedy,Simulation,Queue",1
"Implementation,Mathematics,GraphTheory,GraphTraversal,Breadth_firstSearch,Depth_firstSearch",1
"GraphTheory,GraphTraversal,BinarySearch,Depth_firstSearch",1
"Implementation,DataStructures,Geometry,DisjointSet",1
"DynamicProgramming,Sorting,ValueCoordinateCompression",1
"GraphTheory,DataStructures,GraphTraversal,Breadth_firstSearch,Geometry,Depth_firstSearch,DisjointSet",1
"Bruteforcing,DataStructures,Geometry",1
"GraphTheory,DataStructures,Dijkstra's,DisjointSet",1
"DynamicProgramming,Bruteforcing,Bitmask",1
"Bruteforcing,DataStructures,PrefixSum,SegmentTree",1
"Mathematics,Sorting,Constructive",1
"Mathematics,DynamicProgramming,NumberTheory,Knapsack",1
"Implementation,Mathematics,String,NumberTheory,Arithmetic",1
"Bruteforcing,DataStructures,SetMapByHashing,Backtracking",1
"GraphTheory,DynamicProgramming,String,GraphTraversal",1
"GraphTheory,GraphTraversal,Sorting,Backtracking",1
"Implementation,Mathematics,String,Bruteforcing,NumberTheory,EuclideanAlgorithm",1
"Implementation,String,Sorting,Recursion,DivideAndConquer",1
"GraphTheory,String,Bruteforcing,DataStructures,GraphTraversal,Depth_firstSearch,Tree,Backtracking",1
"DynamicProgramming,String,Greedy,Sorting",1
"GraphTheory,GraphTraversal,Breadth_firstSearch,Geometry,Depth_firstSearch",1
"Mathematics,Bruteforcing,Arithmetic,Combinatorics",1
"Implementation,GraphTheory,GraphTraversal,Breadth_firstSearch,Bitmask",1
"Implementation,GraphTheory,Bruteforcing,Greedy,GraphTraversal,Breadth_firstSearch,Simulation,Depth_firstSearch",1
"GraphTheory,Bruteforcing,GraphTraversal,Dijkstra's,0_1Bfs",1
"Implementation,Mathematics,Arithmetic,ProbabilityTheory",1
"DataStructures,BinarySearch,PrefixSum,SetMapByTrees,Hashing",1
"Implementation,Mathematics,DynamicProgramming,ExponentiationBySquaring",1
"Mathematics,DataStructures,DisjointSet",1
"Greedy,Sorting,Geometry,Constructive",1
"Mathematics,GraphTheory,DynamicProgramming",1
"Implementation,Constructive,Ad_hoc",1
"GraphTheory,Bruteforcing,GraphTraversal,Constructive",1
"GraphTheory,Bruteforcing,GraphTraversal,Depth_firstSearch,Constructive,Backtracking",1
"GraphTheory,Constructive,Ad_hoc,Backtracking",1
"GraphTheory,GraphTraversal,Breadth_firstSearch,Depth_firstSearch,Backtracking",1
"DataStructures,PriorityQueue,Deque",1
"Mathematics,NumberTheory,ProbabilityTheory",1
"GraphTheory,DynamicProgramming,Dijkstra's,Bitmask",1
"Implementation,Mathematics,Bruteforcing,NumberTheory,PrimalityTest,SieveOfEratosthenes",1
"DynamicProgramming,Bruteforcing,DataStructures,PrefixSum,SetMapByHashing",1
"GraphTheory,DynamicProgramming,Tree,TopologicalSorting,DynamicProgrammingOnTrees",1
"GraphTheory,String,Bruteforcing,GraphTraversal,Depth_firstSearch,Backtracking",1
"DynamicProgramming,Greedy,Sorting,Tree,DynamicProgrammingOnTrees",1
"Geometry,Two_pointer",1
"Sorting,DivideAndConquer",1
"GraphTheory,Geometry,TopologicalSorting",1
"Geometry,BinarySearch,LongestIncreasingSequenceInO(nLogN)",1
"Mathematics,GraphTheory,GraphTraversal,Breadth_firstSearch,Geometry,Depth_firstSearch",1
"GraphTheory,GraphTraversal,Geometry",1
"Implementation,Mathematics,Bruteforcing,Bitmask",1
"GraphTheory,DataStructures,Geometry,BinarySearch,Dijkstra's,DisjointSet",1
"GraphTheory,GameTheory",1
"GraphTheory,GraphTraversal,Breadth_firstSearch,Depth_firstSearch,Tree,Ad_hoc",1
"Bruteforcing,Backtracking,Bitmask,Recursion",1
"BinarySearch,Hashing",1
"DataStructures,Sorting,BinarySearch",1
"Implementation,Sorting,PrefixSum",1
"Mathematics,Bruteforcing,NumberTheory,Two_pointer",1
"Bruteforcing,Sorting,PrefixSum",1
"GraphTheory,DataStructures,Geometry,PriorityQueue",1
"Implementation,Simulation,Tree",1
"DataStructures,Sorting,BinarySearch,SetMapByHashing,Two_pointer",1
"Mathematics,Arithmetic,Recursion",1
"Implementation,String,Ad_hoc,Two_pointer",1
"Implementation,String,DataStructures,Stack,Recursion",1
"Implementation,Mathematics,Bruteforcing,Sorting,NumberTheory,EuclideanAlgorithm",1
"GraphTheory,DataStructures,Geometry,SetMapByHashing,Floyd_warshall",1
"GraphTheory,Greedy,GraphTraversal,BinarySearch",1
"Mathematics,String,Greedy,Sorting,NumberTheory",1
"GraphTheory,GraphTraversal,BinarySearch,Depth_firstSearch,Tree",1
"GraphTheory,GraphTraversal,Breadth_firstSearch,Depth_firstSearch,Floyd_warshall",1
"DynamicProgramming,Greedy,Bitmask",1
"Implementation,Mathematics,Bruteforcing,Geometry",1
"GraphTheory,String,GraphTraversal,Breadth_firstSearch,Depth_firstSearch,TopologicalSorting",1
"Mathematics,NumberTheory,BinarySearch,Two_pointer",1
"DataStructures,Sorting,Two_pointer,Deque",1
"GraphTheory,Greedy,Dijkstra's",1
"Bruteforcing,Constructive,Ad_hoc,Bitmask",1
"Mathematics,DynamicProgramming,NumberTheory,Combinatorics,SlidingWindow",1
"Constructive,Ad_hoc,Bitmask",1
"BinarySearch,PrefixSum,ParametricSearch",1
"Implementation,Bruteforcing,Simulation,Two_pointer",1
"Implementation,String,Ad_hoc,Bitmask",1
