,tag
Implementation,2
DynamicProgramming,19
"Implementation,String",51
Mathematics,4
"Implementation,Simulation",2
"Implementation,Mathematics,Arithmetic",41
"Implementation,Mathematics",55
"Mathematics,Arithmetic",4
Greedy,33
"Greedy,Sorting",15
"GraphTheory,GraphTraversal,Breadth_firstSearch",1
Bruteforcing,11
"Implementation,Bruteforcing",11
"Mathematics,NumberTheory",39
"GraphTheory,Dijkstra's",58
String,3
Geometry,12
"Mathematics,Geometry",4
"Mathematics,Bruteforcing",31
"GraphTheory,GraphTraversal,Breadth_firstSearch,Depth_firstSearch",24
"Mathematics,Combinatorics",52
Sorting,15
"Implementation,Sorting",54
"DynamicProgramming,Knapsack",19
"DataStructures,SegmentTree",21
"Bruteforcing,Backtracking",47
"Mathematics,DynamicProgramming,Combinatorics",48
"Mathematics,Greedy",30
GraphTheory,14
"Mathematics,NumberTheory,PrimalityTest,SieveOfEratosthenes",22
BinarySearch,20
Constructive,56
PrefixSum,16
"DynamicProgramming,Bitmask",43
"Mathematics,DynamicProgramming",48
"Mathematics,NumberTheory,EuclideanAlgorithm",65
Ad_hoc,6
"DataStructures,Stack",13
"GraphTheory,MinimumSpanningTree",14
"Implementation,String,Bruteforcing",51
"Mathematics,Bruteforcing,NumberTheory",31
"Implementation,Mathematics,String",32
"String,Bruteforcing",3
"Implementation,Greedy",33
"Bruteforcing,Geometry",11
"GraphTheory,GraphTraversal,Depth_firstSearch",9
"Implementation,Mathematics,Simulation",41
"BinarySearch,ParametricSearch",20
"Mathematics,ExponentiationBySquaring",23
"Implementation,Mathematics,Bruteforcing",55
"GraphTheory,GraphTraversal",10
Backtracking,47
"Implementation,Mathematics,String,Arithmetic",32
"DynamicProgramming,Tree,DynamicProgrammingOnTrees",60
"DataStructures,DisjointSet",0
"GraphTheory,Floyd_warshall",14
"DynamicProgramming,String",19
"Implementation,Bruteforcing,Simulation",2
"DynamicProgramming,PrefixSum",19
"DataStructures,Greedy,PriorityQueue",5
"Implementation,String,Simulation",2
"Implementation,GraphTheory,GraphTraversal,Breadth_firstSearch",36
"Mathematics,DynamicProgramming,ProbabilityTheory",48
"Mathematics,BinarySearch",4
Two_pointer,12
"DynamicProgramming,Greedy",19
"Mathematics,String",7
GameTheory,12
"GraphTheory,GraphTraversal,Depth_firstSearch,Tree",49
"DynamicProgramming,GameTheory",12
"Mathematics,PrefixSum",4
"Mathematics,Bruteforcing,Arithmetic",31
Tree,37
"Bruteforcing,Greedy",33
"Mathematics,NumberTheory,PrimalityTest",50
"DataStructures,PriorityQueue",5
"String,Sorting",3
"Implementation,Mathematics,Geometry",55
"String,Greedy",33
"Implementation,String,Sorting",54
"Implementation,Geometry",2
"Mathematics,Sorting",62
"Implementation,Bruteforcing,Backtracking",47
"DataStructures,Greedy,Sorting,PriorityQueue",5
"Greedy,Constructive",33
"DynamicProgramming,Bruteforcing",11
"Mathematics,Ad_hoc",4
"Mathematics,Constructive",4
"Bruteforcing,PrefixSum",11
"Implementation,DynamicProgramming",19
"Implementation,Ad_hoc",6
"Implementation,Mathematics,Simulation,Arithmetic",41
"Recursion,DivideAndConquer",53
"Implementation,GraphTheory,GraphTraversal,Breadth_firstSearch,Simulation",36
"Bruteforcing,Bitmask",67
"String,DataStructures,Stack",18
"Implementation,String,DataStructures,SetMapByHashing",61
"Constructive,Ad_hoc",56
"Mathematics,NumberTheory,Constructive",39
"Implementation,Sorting,Simulation",54
"GraphTheory,TopologicalSorting",14
"Mathematics,Greedy,Sorting",15
"GraphTheory,DynamicProgramming,GraphTraversal,Breadth_firstSearch",1
"BinarySearch,PrefixSum",20
"Implementation,DataStructures,Stack",18
"DynamicProgramming,Sorting",19
"Implementation,Constructive",56
"GraphTheory,Constructive",56
"GraphTheory,DynamicProgramming,Dijkstra's",44
"Greedy,Sorting,Two_pointer",15
"Implementation,Mathematics,Bruteforcing,Arithmetic",41
"GraphTheory,DynamicProgramming,GraphTraversal,Depth_firstSearch",9
"Mathematics,Bitmask",4
"GraphTheory,DynamicProgramming",44
"GraphTheory,DataStructures,GraphTraversal,DisjointSet",28
"Mathematics,String,Arithmetic",7
"Sorting,Two_pointer",46
"GraphTheory,DynamicProgramming,TopologicalSorting",44
"GraphTheory,Bruteforcing,GraphTraversal,Breadth_firstSearch",1
"Mathematics,Bruteforcing,Combinatorics",38
"Mathematics,Tree",37
"Implementation,DataStructures,Simulation,Queue",57
"Implementation,Backtracking",2
"String,DataStructures,SetMapByHashing",61
"Sorting,Geometry",46
"Mathematics,DynamicProgramming,NumberTheory",48
"GraphTheory,GraphTraversal,Breadth_firstSearch,Depth_firstSearch,Tree",49
"Bruteforcing,Sorting",46
"DataStructures,BinarySearch,SegmentTree",21
"String,Ad_hoc",3
"GraphTheory,GraphTraversal,Breadth_firstSearch,Dijkstra's",1
"Mathematics,NumberTheory,ExponentiationBySquaring",23
"GraphTheory,GraphTraversal,Breadth_firstSearch,Bitmask",1
"Sorting,Ad_hoc",6
"Implementation,PrefixSum",16
"Mathematics,Bruteforcing,NumberTheory,PrimalityTest,SieveOfEratosthenes",22
"Implementation,String,Greedy",51
"GraphTheory,DynamicProgramming,GraphTraversal,Depth_firstSearch,Tree,DynamicProgrammingOnTrees",34
"DataStructures,SetMapByHashing",17
"Mathematics,Recursion",53
"Mathematics,ProbabilityTheory",4
"Sorting,BinarySearch",20
"Mathematics,Bruteforcing,NumberTheory,EuclideanAlgorithm",65
"Mathematics,Constructive,Ad_hoc",56
"GraphTheory,Bruteforcing,GraphTraversal,Breadth_firstSearch,Depth_firstSearch",24
"Implementation,GraphTheory,GraphTraversal,Simulation",36
"Greedy,BinarySearch",20
"GraphTheory,GraphTraversal,Tree",49
"Implementation,GraphTheory,GraphTraversal,Breadth_firstSearch,Simulation,Depth_firstSearch",36
"Greedy,Ad_hoc",33
"Sorting,BinarySearch,Two_pointer",46
"Implementation,GraphTheory,GraphTraversal,Breadth_firstSearch,Depth_firstSearch",24
"Mathematics,GameTheory",12
"String,DataStructures,SetMapByHashing,SetMapByTrees",61
"Sorting,Constructive",56
"Mathematics,NumberTheory,Combinatorics",39
"Implementation,Recursion",53
"DataStructures,SegmentTree,ValueCoordinateCompression",21
"GraphTheory,DynamicProgramming,GraphTraversal",44
"Implementation,Mathematics,Sorting",55
DataStructures,17
"DynamicProgramming,Greedy,Sorting",15
LongestIncreasingSequenceInO(nLogN),12
"DataStructures,SetMapByTrees",26
"DynamicProgramming,BinarySearch",20
"Implementation,Greedy,Simulation",2
"String,DataStructures,Sorting,SetMapByHashing",61
"Mathematics,DynamicProgramming,ExponentiationBySquaring",23
"DataStructures,SetMapByHashing,SetMapByTrees",26
"Geometry,BinarySearch",20
Recursion,53
"DynamicProgramming,Backtracking",19
"Implementation,String,DataStructures,Stack",18
"GraphTheory,GraphTraversal,Breadth_firstSearch,BinarySearch",1
"Greedy,PrefixSum",33
"Implementation,GraphTheory,Dijkstra's",58
"BinarySearch,LongestIncreasingSequenceInO(nLogN)",20
"Implementation,Mathematics,NumberTheory",55
"DataStructures,Stack,SegmentTree,DivideAndConquer",21
"GraphTheory,DataStructures,GraphTraversal,Breadth_firstSearch,Depth_firstSearch,DisjointSet",35
"Implementation,GraphTheory,GraphTraversal",10
"DataStructures,Sorting,SetMapByTrees",40
"GraphTheory,GraphTraversal,Sorting,Depth_firstSearch",9
"Implementation,Mathematics,Greedy",55
"DataStructures,Deque",17
"Mathematics,Sorting,Geometry",62
"DataStructures,Greedy,Stack",13
"DataStructures,Tree",37
"Implementation,DataStructures,Simulation,Stack",18
"DynamicProgramming,Bruteforcing,PrefixSum",11
"Implementation,Bruteforcing,Sorting",54
"Mathematics,DynamicProgramming,PrefixSum",48
"Mathematics,Bruteforcing,ProbabilityTheory",38
"BinarySearch,Two_pointer",20
"Mathematics,Geometry,Constructive",4
"GraphTheory,Dijkstra's,0_1Bfs",58
"Implementation,Sorting,Ad_hoc",6
"Implementation,Mathematics,NumberTheory,PrimalityTest",50
"Implementation,DataStructures",57
"GraphTheory,GraphTraversal,Breadth_firstSearch,Floyd_warshall",1
Bitmask,67
"GraphTheory,DataStructures,GraphTraversal,Breadth_firstSearch,DisjointSet",28
"GraphTheory,Dijkstra's,Floyd_warshall",58
"Implementation,Bitmask",67
"String,Hashing",3
"Mathematics,Combinatorics,ProbabilityTheory",52
"Mathematics,Greedy,Arithmetic",30
"Implementation,DataStructures,Queue",57
"GraphTheory,GraphTraversal,Depth_firstSearch,Backtracking",66
"String,DataStructures,Sorting,SetMapByHashing,SetMapByTrees",61
"Implementation,Two_pointer",16
"Mathematics,NumberTheory,PrefixSum",39
"Implementation,DataStructures,SetMapByHashing",17
"DataStructures,Sorting,SetMapByHashing",40
"GraphTheory,GraphTraversal,Floyd_warshall",10
"Mathematics,Geometry,BinarySearch",4
"DynamicProgramming,LongestIncreasingSequenceInO(nLogN)",19
"Mathematics,BinarySearch,PrefixSum",4
"Mathematics,GraphTheory,ExponentiationBySquaring",23
"DataStructures,BinarySearch,SetMapByTrees",26
"Implementation,Mathematics,NumberTheory,EuclideanAlgorithm",65
"Greedy,BinarySearch,ParametricSearch",20
"GraphTheory,Geometry,Dijkstra's",58
"Mathematics,Combinatorics,ExponentiationBySquaring",52
"Mathematics,NumberTheory,Ad_hoc",39
"Implementation,Mathematics,PrefixSum",55
"PrefixSum,SlidingWindow",63
"Constructive,Tree",37
"Mathematics,Bruteforcing,NumberTheory,Constructive",31
"GraphTheory,GraphTraversal,Dijkstra's",58
"Implementation,BinarySearch",20
"Implementation,String,Bruteforcing,DataStructures,SetMapByHashing",61
"Mathematics,PrefixSum,Combinatorics",52
"GraphTheory,DataStructures,GraphTraversal,Depth_firstSearch,DisjointSet",35
"GraphTheory,Tree",37
"Implementation,Mathematics,String,Combinatorics",32
"Mathematics,DynamicProgramming,Greedy",48
"DynamicProgramming,DataStructures,SegmentTree",21
"Implementation,DataStructures,Simulation,PriorityQueue",57
Hashing,12
"Bruteforcing,Greedy,Sorting",15
"Implementation,Mathematics,Combinatorics",52
"GraphTheory,BinarySearch,Dijkstra's",58
"Implementation,Mathematics,GraphTheory,GraphTraversal,Breadth_firstSearch",42
"Geometry,Ad_hoc",6
"Greedy,Sorting,Geometry",15
"GraphTheory,Bruteforcing,Dijkstra's",58
"Mathematics,NumberTheory,Combinatorics,ExponentiationBySquaring",23
"GraphTheory,String,DataStructures,GraphTraversal,Breadth_firstSearch,SetMapByHashing",29
"DataStructures,Queue",57
"Implementation,DataStructures,Simulation,SetMapByHashing",57
"Greedy,Sorting,BinarySearch",15
"Greedy,Sorting,PrefixSum",15
"GraphTheory,GraphTraversal,Depth_firstSearch,Floyd_warshall",9
"Mathematics,DynamicProgramming,NumberTheory,PrimalityTest,SieveOfEratosthenes",22
Knapsack,12
"GraphTheory,String,DataStructures,GraphTraversal,Depth_firstSearch,SetMapByHashing",29
"Mathematics,String,Combinatorics",52
"Implementation,String,DataStructures,SetMapByHashing,SetMapByTrees",61
"GraphTheory,DataStructures,GraphTraversal,Breadth_firstSearch,SetMapByHashing",64
"Implementation,Bruteforcing,Greedy",33
"DynamicProgramming,BinarySearch,PrefixSum",20
"DynamicProgramming,Sorting,Knapsack",19
"DynamicProgramming,Geometry",19
"GraphTheory,Bruteforcing",14
"Implementation,GraphTheory",14
"Mathematics,Greedy,NumberTheory,EuclideanAlgorithm",65
"GraphTheory,Greedy,GraphTraversal,Breadth_firstSearch",1
"Mathematics,String,NumberTheory",39
"Implementation,String,Constructive",51
"Implementation,Mathematics,Bitmask",55
"DataStructures,Sorting,SegmentTree",21
"Implementation,String,Ad_hoc",51
"DataStructures,Sorting,SetMapByHashing,SetMapByTrees",40
"GraphTheory,Greedy",33
"Implementation,Greedy,Sorting",54
"Mathematics,GraphTheory,GraphTraversal,Breadth_firstSearch",42
"Sorting,ValueCoordinateCompression",15
"Implementation,DataStructures,PriorityQueue",57
"Implementation,Bruteforcing,PrefixSum",16
DivideAndConquer,53
"Mathematics,Arithmetic,Combinatorics",52
"Sorting,PrefixSum",16
"Mathematics,BinarySearch,ParametricSearch",4
"Mathematics,Arithmetic,Geometry",4
"Implementation,DataStructures,Simulation",57
"Mathematics,Greedy,NumberTheory",30
"Mathematics,DataStructures,Stack",13
"Implementation,DynamicProgramming,String",51
"DataStructures,Greedy,SetMapByTrees",26
"DataStructures,Sorting,DisjointSet",0
"Implementation,DataStructures,Sorting,SetMapByHashing",40
"Implementation,DataStructures,Simulation,Deque",57
"DataStructures,SetMapByTrees,PriorityQueue",5
"DataStructures,BinarySearch,SetMapByHashing",17
"DataStructures,Sorting,PriorityQueue",5
"String,Bruteforcing,Greedy",33
"Implementation,DataStructures,Deque",57
"DataStructures,PrefixSum,SetMapByTrees",26
"Implementation,Bruteforcing,Bitmask",67
"Mathematics,Bruteforcing,Geometry",31
"GraphTheory,GraphTraversal,Dijkstra's,0_1Bfs",58
"String,SlidingWindow",63
"DynamicProgramming,SlidingWindow",19
"Mathematics,Geometry,BinarySearch,ParametricSearch",4
"String,Greedy,Sorting",15
"Implementation,DataStructures,Sorting,SetMapByHashing,SetMapByTrees",40
"Tree,Recursion",37
"DataStructures,Sorting,Stack",13
"Greedy,Geometry",33
"Greedy,Sorting,Constructive",15
"Greedy,Two_pointer",33
"Mathematics,Geometry,ProbabilityTheory",4
"DynamicProgramming,Greedy,Knapsack",19
"GraphTheory,DataStructures,GraphTraversal,Breadth_firstSearch,BinarySearch,DisjointSet",28
"Mathematics,Bruteforcing,Bitmask",67
"Implementation,String,Tree",51
"String,DataStructures,Tree",37
"Mathematics,String,Bruteforcing",7
"Implementation,Mathematics,BinarySearch",55
"Mathematics,Sorting,Arithmetic",62
"String,DataStructures,Stack,Recursion",18
"Mathematics,String,Bruteforcing,Combinatorics",7
"Ad_hoc,Bitmask",6
"Mathematics,NumberTheory,PrimalityTest,SieveOfEratosthenes,ExponentiationBySquaring",22
"Implementation,Bruteforcing,Simulation,Backtracking",2
"DataStructures,BinarySearch,Two_pointer",20
"Mathematics,Greedy,Sorting,Combinatorics",52
"DataStructures,Greedy,SetMapByTrees,PriorityQueue",5
"GraphTheory,DynamicProgramming,GraphTraversal,Tree,DynamicProgrammingOnTrees",34
"Implementation,GraphTheory,DataStructures,GraphTraversal,Tree,SetMapByHashing",8
"GraphTheory,GraphTraversal,Sorting,Breadth_firstSearch,Depth_firstSearch",24
"GraphTheory,DataStructures,DisjointSet",28
"Mathematics,Combinatorics,Ad_hoc",52
"Implementation,GraphTheory,TopologicalSorting",14
"Implementation,Simulation,Backtracking",2
"GraphTheory,GraphTraversal,Geometry,Depth_firstSearch",9
"Implementation,Mathematics,NumberTheory,Simulation",41
"GraphTheory,DynamicProgramming,Floyd_warshall",44
"GraphTheory,Constructive,Floyd_warshall",14
"DataStructures,PrefixSum,SegmentTree",21
"GraphTheory,GraphTraversal,Breadth_firstSearch,Dijkstra's,0_1Bfs",1
"Mathematics,String,Bruteforcing,Arithmetic",7
"GraphTheory,Greedy,GraphTraversal,Depth_firstSearch",9
"Implementation,DivideAndConquer",53
"Implementation,Bruteforcing,Geometry",11
"String,Recursion",3
"Mathematics,Bruteforcing,BinarySearch",31
"Implementation,Recursion,DivideAndConquer",53
"DataStructures,Geometry,DisjointSet",0
"DynamicProgramming,Bruteforcing,Backtracking",47
"Implementation,DataStructures,Simulation,SetMapByTrees",57
"Implementation,Simulation,Geometry",2
"Mathematics,Combinatorics,Tree",52
"Implementation,GraphTheory,GraphTraversal,Depth_firstSearch",9
"Mathematics,String,Greedy",30
SlidingWindow,63
"Implementation,String,Bitmask",51
"Implementation,Mathematics,Bruteforcing,Simulation",41
"GraphTheory,Dijkstra's,Bitmask",58
"String,Bruteforcing,DataStructures,SetMapByHashing",61
"Bruteforcing,Greedy,Bitmask",67
"Implementation,String,Bruteforcing,Sorting",54
"Two_pointer,SlidingWindow",63
"Mathematics,String,Bruteforcing,Backtracking",7
"Mathematics,NumberTheory,PrefixSum,PrimalityTest,SieveOfEratosthenes",22
"Mathematics,DivideAndConquer",4
"Implementation,Mathematics,String,Bruteforcing",32
"Mathematics,DynamicProgramming,Combinatorics,ProbabilityTheory",48
"Mathematics,Backtracking",4
"Constructive,Bitmask",67
"DataStructures,Tree,SetMapByTrees",26
"GraphTheory,DataStructures,PriorityQueue,TopologicalSorting",5
"DynamicProgramming,Tree",60
"DynamicProgramming,Bruteforcing,Knapsack",11
"Implementation,Bruteforcing,Recursion",11
"Mathematics,ExponentiationBySquaring,DivideAndConquer",23
"GraphTheory,DataStructures,GraphTraversal,Breadth_firstSearch",64
"Implementation,String,Two_pointer",51
"Greedy,Tree",37
"DynamicProgramming,Bitmask,TravellingSalesmanProblem",43
"Geometry,Constructive",56
"DynamicProgramming,Greedy,Sorting,Knapsack",15
"Mathematics,GraphTheory",4
"Implementation,Bruteforcing,DataStructures,Simulation,Stack",18
"GraphTheory,Greedy,TopologicalSorting",14
"Ad_hoc,DivideAndConquer",6
"Bruteforcing,Sorting,Two_pointer",46
"String,DataStructures,Greedy,Stack",18
"GraphTheory,GraphTraversal,Breadth_firstSearch,PrefixSum",1
"Implementation,String,DataStructures,Simulation,Stack",18
"Bruteforcing,DataStructures,Geometry,SetMapByHashing",17
"Constructive,Backtracking",56
"DataStructures,Ad_hoc,SetMapByTrees",26
"Mathematics,GraphTheory,DynamicProgramming,Combinatorics",48
"String,DataStructures",3
"GraphTheory,GraphTraversal,Breadth_firstSearch,Dijkstra's,ValueCoordinateCompression",1
"Geometry,PrefixSum",16
"BinarySearch,PrefixSum,Two_pointer",20
"Implementation,Mathematics,Bruteforcing,NumberTheory,Constructive",27
"Bruteforcing,DataStructures,DisjointSet",0
"Mathematics,Bruteforcing,Constructive",31
"DataStructures,Greedy",33
"Implementation,Bruteforcing,Simulation,Bitmask",67
"DataStructures,PrefixSum",16
"DynamicProgramming,Backtracking,Bitmask",43
"String,Constructive",3
"DataStructures,Sorting,SegmentTree,DivideAndConquer",21
"Implementation,Simulation,Ad_hoc",2
"Ad_hoc,GameTheory",12
"Implementation,String,DataStructures,Deque",57
"DynamicProgramming,Knapsack,SlidingWindow",19
"Mathematics,Bruteforcing,NumberTheory,PrimalityTest",50
"GraphTheory,Bruteforcing,GraphTraversal,Tree",10
"Mathematics,GraphTheory,Combinatorics",52
"GraphTheory,DataStructures,SetMapByHashing,TopologicalSorting",17
"String,Tree",37
"Implementation,GraphTheory,String,GraphTraversal,Breadth_firstSearch",68
"Mathematics,NumberTheory,Geometry,EuclideanAlgorithm",65
"Greedy,Bitmask",33
"Implementation,String,DataStructures,Sorting,SetMapByHashing",61
"Mathematics,NumberTheory,Geometry",39
"DynamicProgramming,DataStructures,SetMapByHashing,SetMapByTrees",26
"Implementation,Greedy,Sorting,Simulation",54
"GraphTheory,Greedy,GraphTraversal,Depth_firstSearch,Tree",49
"Mathematics,Sorting,Combinatorics,ProbabilityTheory",52
"GraphTheory,DataStructures,Tree,DisjointSet,MinimumSpanningTree",28
"String,BinarySearch",3
"Implementation,DataStructures,Sorting,Stack",18
"Greedy,GameTheory",12
"Mathematics,GraphTheory,GraphTraversal,Breadth_firstSearch,Depth_firstSearch,Combinatorics",42
"DynamicProgramming,Geometry,Two_pointer",19
"GraphTheory,GraphTraversal,Depth_firstSearch,Constructive",9
"DataStructures,Greedy,Sorting,SetMapByTrees",40
"Mathematics,DynamicProgramming,NumberTheory,Combinatorics",48
"Bruteforcing,PrefixSum,ValueCoordinateCompression",11
"GraphTheory,DynamicProgramming,GraphTraversal,Depth_firstSearch,Knapsack",9
"GraphTheory,DataStructures,GraphTraversal,BinarySearch,DisjointSet",28
"DataStructures,PrefixSum,SegmentTree,ValueCoordinateCompression",21
"DataStructures,Constructive,Stack",13
"Bruteforcing,Sorting,BinarySearch",46
"Implementation,Sorting,Two_pointer",54
"Mathematics,DynamicProgramming,Bruteforcing,NumberTheory",31
"Mathematics,String,NumberTheory,EuclideanAlgorithm",65
"Mathematics,DynamicProgramming,GameTheory",48
"Mathematics,Bruteforcing,ExponentiationBySquaring",23
"GraphTheory,DataStructures,GraphTraversal,Breadth_firstSearch,SetMapByTrees",64
"Greedy,Constructive,Ad_hoc",56
"Implementation,Simulation,Recursion",2
"Bruteforcing,Bitmask,Recursion",67
"DynamicProgramming,DataStructures,SetMapByHashing",17
"Implementation,DataStructures,Greedy,Simulation,Stack",18
"Mathematics,GraphTheory,GraphTraversal,Depth_firstSearch,Combinatorics,Tree",49
"Mathematics,Arithmetic,Ad_hoc",4
"GraphTheory,Constructive,Ad_hoc",56
"DataStructures,Greedy,DisjointSet",0
"Constructive,Recursion",53
"DynamicProgramming,Ad_hoc",19
"String,Recursion,DivideAndConquer",53
"GraphTheory,GraphTraversal,Breadth_firstSearch,TopologicalSorting",1
"String,Two_pointer",3
"GraphTheory,DataStructures,Dijkstra's,PriorityQueue",59
"GraphTheory,DataStructures,GraphTraversal,Constructive,Tree,DisjointSet",28
"DataStructures,Greedy,Sorting",15
"Implementation,GraphTheory,Bruteforcing,Simulation",2
"String,DataStructures,Greedy,Deque",33
"GraphTheory,Greedy,GraphTraversal",10
"Mathematics,NumberTheory,BinarySearch",25
"Mathematics,String,Greedy,Constructive",30
"String,Constructive,Ad_hoc",56
"Sorting,PrefixSum,Two_pointer",16
"Mathematics,Greedy,Ad_hoc",30
"Implementation,Greedy,Constructive",33
"Implementation,GraphTheory,Simulation,Dijkstra's",58
"DataStructures,Greedy,PrefixSum,Queue",33
"GraphTheory,String,DataStructures,Dijkstra's,SetMapByHashing",61
"Tree,Ad_hoc",37
"Mathematics,NumberTheory,Constructive,Ad_hoc",39
"Mathematics,Bruteforcing,Sorting,NumberTheory",31
"GraphTheory,DataStructures,DisjointSet,MinimumSpanningTree",28
"Mathematics,Greedy,Constructive",30
"DataStructures,Greedy,SetMapByHashing",17
"Implementation,String,Bruteforcing,Backtracking",47
"GraphTheory,GraphTraversal,Breadth_firstSearch,Geometry",1
"Bruteforcing,Backtracking,TravellingSalesmanProblem",47
"Mathematics,Greedy,NumberTheory,PrimalityTest",50
"Implementation,Mathematics,String,ExponentiationBySquaring",32
"Implementation,GraphTheory,MinimumSpanningTree",14
"Implementation,String,BinarySearch",51
"GraphTheory,DynamicProgramming,Bruteforcing,GraphTraversal,Breadth_firstSearch,Bitmask",1
"GraphTheory,DynamicProgramming,GraphTraversal,Depth_firstSearch,Backtracking",66
"Mathematics,NumberTheory,BinarySearch,PrefixSum,PrimalityTest,SieveOfEratosthenes",22
"Mathematics,DataStructures,Greedy,PriorityQueue",5
"GraphTheory,DataStructures,GraphTraversal,Breadth_firstSearch,Depth_firstSearch,SetMapByHashing",29
"GraphTheory,DataStructures,GraphTraversal,BinarySearch,DisjointSet,MinimumSpanningTree",28
"GraphTheory,DataStructures,GraphTraversal,Depth_firstSearch,Tree,DisjointSet",35
"Implementation,Mathematics,String,Bruteforcing,Arithmetic",32
"DataStructures,Stack,Queue",13
"Mathematics,NumberTheory,BinarySearch,PrimalityTest",25
"Bruteforcing,DataStructures,SetMapByHashing",17
"Constructive,Tree,Ad_hoc",56
"Mathematics,Geometry,Combinatorics",52
"String,Bruteforcing,Backtracking",47
"Implementation,Mathematics,NumberTheory,PrimalityTest,SieveOfEratosthenes",22
"Implementation,Mathematics,String,Greedy",32
"Implementation,Mathematics,String,Simulation",32
"GraphTheory,GraphTraversal,TopologicalSorting",10
"Mathematics,Arithmetic,BinarySearch",4
"Mathematics,GraphTheory,GraphTraversal,Breadth_firstSearch,NumberTheory,PrimalityTest,SieveOfEratosthenes",42
"GraphTheory,Bruteforcing,GraphTraversal,Floyd_warshall",10
"PrefixSum,Ad_hoc",16
"GraphTheory,DataStructures,GraphTraversal,Geometry,DisjointSet",28
"Implementation,DataStructures,SegmentTree",21
"Mathematics,Combinatorics,Bitmask",52
"String,DivideAndConquer",3
"GraphTheory,DataStructures,Greedy,GraphTraversal,Sorting,DisjointSet",28
"Mathematics,Ad_hoc,ProbabilityTheory",4
"Mathematics,String,Sorting",7
"String,DataStructures,Greedy,PriorityQueue",5
"Implementation,String,Recursion",51
"GraphTheory,Ad_hoc",14
"DataStructures,Sorting,SetMapByTrees,ValueCoordinateCompression",40
"Mathematics,Greedy,Sorting,ProbabilityTheory",15
"GraphTheory,GraphTraversal,BinarySearch,ParametricSearch",10
"DynamicProgramming,Sorting,PrefixSum",19
"GraphTheory,Bruteforcing,GraphTraversal,Breadth_firstSearch,Bitmask",1
"GraphTheory,Bruteforcing,GraphTraversal",10
"Implementation,Simulation,Constructive",2
"Ad_hoc,Two_pointer",6
"GraphTheory,Geometry",14
"DataStructures,Sorting,BinarySearch,SetMapByHashing",40
"Mathematics,Sorting,BinarySearch",62
"Implementation,DataStructures,Two_pointer",57
"Bruteforcing,SlidingWindow",63
"Implementation,Geometry,Ad_hoc",6
"Implementation,Mathematics,Greedy,Arithmetic",41
"String,DataStructures,Sorting,PriorityQueue",5
"Implementation,GraphTheory,Bruteforcing,GraphTraversal,Breadth_firstSearch",36
"Mathematics,Greedy,Bitmask",30
"GraphTheory,GraphTraversal,Depth_firstSearch,MinimumSpanningTree",9
"GraphTheory,Greedy,MinimumSpanningTree",14
"Tree,Recursion,DivideAndConquer",53
"DynamicProgramming,Greedy,Tree,DynamicProgrammingOnTrees",60
"GraphTheory,DataStructures,GraphTraversal,Dijkstra's,PriorityQueue",59
"Mathematics,Sorting,Ad_hoc",6
ValueCoordinateCompression,12
"GraphTheory,Constructive,Dijkstra's,Floyd_warshall",58
"Mathematics,DynamicProgramming,Bruteforcing",48
"Implementation,DataStructures,Stack,Recursion",18
"GraphTheory,DataStructures,GraphTraversal,Depth_firstSearch",35
"DataStructures,BinarySearch,PriorityQueue",5
"Sorting,BinarySearch,LongestIncreasingSequenceInO(nLogN)",20
"GraphTheory,Backtracking",14
"Mathematics,Geometry,Ad_hoc",4
"PrefixSum,Two_pointer,SlidingWindow",63
"Implementation,Mathematics,ExponentiationBySquaring",23
"PrefixSum,Two_pointer",16
"Mathematics,String,NumberTheory,PrimalityTest,SieveOfEratosthenes",22
"Bruteforcing,Geometry,BinarySearch",20
"Mathematics,Bruteforcing,NumberTheory,Arithmetic",31
"DynamicProgramming,Recursion",19
"DataStructures,Tree,Stack",13
"Mathematics,Greedy,ProbabilityTheory",30
"Mathematics,NumberTheory,PrefixSum,EuclideanAlgorithm",65
"Mathematics,DynamicProgramming,Knapsack",48
"Implementation,DynamicProgramming,Simulation",2
"GraphTheory,GraphTraversal,Depth_firstSearch,Dijkstra's",9
"Implementation,DynamicProgramming,Bruteforcing",11
"Mathematics,NumberTheory,EuclideanAlgorithm,GameTheory",65
"Mathematics,Sorting,PrefixSum",62
"Mathematics,NumberTheory,Two_pointer,PrimalityTest,SieveOfEratosthenes",22
"Implementation,Mathematics,ProbabilityTheory",55
"GraphTheory,Bruteforcing,Floyd_warshall",14
"Implementation,String,DataStructures,Sorting,SetMapByHashing,SetMapByTrees",61
"Implementation,Mathematics,Arithmetic,Geometry",41
"Sorting,BinarySearch,PrefixSum",20
"Implementation,GraphTheory,GraphTraversal,Depth_firstSearch,Tree",49
"Implementation,Mathematics,DynamicProgramming",55
"Bruteforcing,DataStructures,Backtracking,SetMapByTrees",69
"GraphTheory,String,DataStructures,GraphTraversal,Breadth_firstSearch,Depth_firstSearch,SetMapByHashing",29
"Mathematics,GraphTheory,GraphTraversal",42
"Mathematics,Constructive,Bitmask",4
"Implementation,Mathematics,Bruteforcing,NumberTheory,EuclideanAlgorithm",27
"Mathematics,String,Geometry",7
"GraphTheory,DataStructures,GraphTraversal,Tree,DisjointSet",28
"Bruteforcing,Ad_hoc",11
"DataStructures,Greedy,SetMapByHashing,SetMapByTrees",26
"String,PrefixSum,SlidingWindow",63
"PrefixSum,Bitmask",16
"Implementation,Mathematics,DataStructures,SetMapByHashing",45
"DynamicProgramming,String,DataStructures,Tree",60
"DynamicProgramming,Greedy,GameTheory",12
"DynamicProgramming,DataStructures,Bitmask,SegmentTree",21
"GraphTheory,Greedy,Sorting",15
"GraphTheory,DataStructures,Greedy,GraphTraversal,BinarySearch,PriorityQueue",59
"Mathematics,NumberTheory,PrimalityTest,SieveOfEratosthenes,EuclideanAlgorithm",22
"GraphTheory,GraphTraversal,BinarySearch,MinimumSpanningTree",10
"DynamicProgramming,Bruteforcing,Backtracking,Bitmask",47
"GraphTheory,DynamicProgramming,Floyd_warshall,TopologicalSorting",44
"Implementation,Mathematics,NumberTheory,Recursion,EuclideanAlgorithm",65
"DynamicProgramming,DataStructures,SegmentTree,SlidingWindow,Deque",21
"Mathematics,Bruteforcing,Combinatorics,Backtracking,Bitmask",38
"GraphTheory,String,GraphTraversal,Breadth_firstSearch,Bitmask",68
"GraphTheory,DynamicProgramming,Knapsack",44
"Mathematics,Bruteforcing,NumberTheory,BinarySearch",25
"Mathematics,NumberTheory,Ad_hoc,EuclideanAlgorithm",65
"Implementation,Bruteforcing,DataStructures,SetMapByHashing,Backtracking,SetMapByTrees",69
"Mathematics,GraphTheory,GraphTraversal,ProbabilityTheory",42
"Mathematics,DataStructures,Arithmetic,SetMapByHashing,SetMapByTrees",45
"DataStructures,PrefixSum,SetMapByTrees,DivideAndConquer",26
"Implementation,Mathematics,GraphTheory,GraphTraversal,Breadth_firstSearch,Simulation,Ad_hoc",36
"Implementation,GraphTheory,Bruteforcing,GraphTraversal",10
"Mathematics,Sorting,Combinatorics,Two_pointer",52
"Implementation,String,Bruteforcing,DataStructures,SetMapByHashing,SetMapByTrees",69
"GraphTheory,String,DataStructures,GraphTraversal,Breadth_firstSearch,Depth_firstSearch,SetMapByHashing,SetMapByTrees",29
"Mathematics,NumberTheory,Geometry,BinarySearch,EuclideanAlgorithm,LongestIncreasingSequenceInO(nLogN)",25
"Implementation,GraphTheory,DataStructures,GraphTraversal,Breadth_firstSearch,Depth_firstSearch,DisjointSet",35
"GraphTheory,String,GraphTraversal,Breadth_firstSearch,Floyd_warshall",68
"Implementation,Sorting,BinarySearch",54
"Implementation,GraphTheory,GraphTraversal,Simulation,Geometry,Depth_firstSearch",36
"DynamicProgramming,Ad_hoc,Recursion",19
"Mathematics,String,Sorting,BinarySearch",62
"Implementation,GraphTheory,String,Bruteforcing,GraphTraversal,Depth_firstSearch,Backtracking",66
"Implementation,Mathematics,Greedy,NumberTheory",27
"Bruteforcing,DataStructures,Sorting,SetMapByHashing",40
"Bruteforcing,Geometry,Constructive",11
"Bruteforcing,Recursion",11
"Mathematics,BinarySearch,GameTheory",4
"DataStructures,Greedy,Sorting,BinarySearch,SetMapByTrees,SlidingWindow",40
"GraphTheory,DynamicProgramming,GraphTraversal,Sorting,Depth_firstSearch,TopologicalSorting",9
"GraphTheory,String,DataStructures,GraphTraversal,Breadth_firstSearch,DisjointSet,Hashing",28
"Implementation,String,Sorting,Ad_hoc",6
"String,DataStructures,SetMapByHashing,DisjointSet",61
"Implementation,Mathematics,Bruteforcing,Greedy,NumberTheory",27
"Bruteforcing,Constructive,Backtracking",47
"Bruteforcing,Greedy,Ad_hoc",33
"Mathematics,DynamicProgramming,DataStructures,SetMapByTrees",45
"Mathematics,DynamicProgramming,DataStructures,PriorityQueue",5
"Implementation,Mathematics,GraphTheory,GraphTraversal,NumberTheory,PrimalityTest,SieveOfEratosthenes",22
"Implementation,Mathematics,String,DataStructures,Arithmetic,SetMapByHashing,SetMapByTrees",45
"GraphTheory,GraphTraversal,Ad_hoc",10
"Implementation,Mathematics,DynamicProgramming,Combinatorics,Bitmask,ProbabilityTheory",48
"Mathematics,String,Greedy,Sorting",15
"Sorting,BinarySearch,Ad_hoc",6
"GraphTheory,GraphTraversal,Breadth_firstSearch,BinarySearch,Dijkstra's",1
"Mathematics,Sorting,Tree",62
"GraphTheory,Bruteforcing,DataStructures,GraphTraversal,Breadth_firstSearch,SetMapByHashing,SetMapByTrees",64
"DataStructures,Greedy,Sorting,BinarySearch,PriorityQueue",5
"Sorting,Geometry,PrefixSum,Two_pointer",46
"Mathematics,SlidingWindow",63
"Mathematics,NumberTheory,BinarySearch,EuclideanAlgorithm",25
"DataStructures,Tree,DisjointSet",0
"Mathematics,Arithmetic,Constructive",4
"Implementation,GraphTheory,Bruteforcing,GraphTraversal,Breadth_firstSearch,Depth_firstSearch",24
"Mathematics,Greedy,BinarySearch",30
"GraphTheory,GraphTraversal,Breadth_firstSearch,Backtracking",1
"Implementation,Bruteforcing,DataStructures,SetMapByTrees",69
"Implementation,GraphTheory,DataStructures,Simulation,DisjointSet,MinimumSpanningTree",28
"Implementation,Mathematics,NumberTheory,Simulation,PrimalityTest,SieveOfEratosthenes",22
"Mathematics,DynamicProgramming,Combinatorics,ExponentiationBySquaring",23
"GraphTheory,GraphTraversal,Breadth_firstSearch,BinarySearch,Dijkstra's,ParametricSearch,0_1Bfs",1
"GraphTheory,Greedy,GraphTraversal,Sorting,Depth_firstSearch",9
"GraphTheory,DataStructures,Greedy,GraphTraversal,Depth_firstSearch,Tree,SegmentTree",49
"Implementation,String,DataStructures,SetMapByTrees",51
"Implementation,GraphTheory,GraphTraversal,Constructive",10
"GraphTheory,Bitmask,Floyd_warshall",14
"String,DataStructures,Greedy,Stack,Recursion,DivideAndConquer",18
"Mathematics,GraphTheory,GraphTraversal,Breadth_firstSearch,NumberTheory,PrimalityTest",42
"GraphTheory,DynamicProgramming,DataStructures,GraphTraversal,Depth_firstSearch",35
"DataStructures,Tree,SegmentTree,ValueCoordinateCompression",21
"Mathematics,NumberTheory,PrefixSum,Combinatorics,Two_pointer",39
"DataStructures,Sorting,SetMapByHashing,Two_pointer",40
"DataStructures,Sorting,Geometry,SetMapByHashing",40
"DataStructures,Greedy,PrefixSum,Stack",13
"DynamicProgramming,DataStructures,DisjointSet,Knapsack",0
"GraphTheory,GraphTraversal,Breadth_firstSearch,Depth_firstSearch,Bitmask",24
"Mathematics,Geometry,ParametricSearch",4
"Mathematics,PrefixSum,Two_pointer",16
"DataStructures,Stack,PriorityQueue,SegmentTree",21
"Mathematics,DynamicProgramming,Combinatorics,ValueCoordinateCompression",48
"String,Two_pointer,SlidingWindow",63
"Mathematics,GraphTheory,GraphTraversal,Depth_firstSearch,Tree",49
"BinarySearch,Bitmask,Hashing",20
"GraphTheory,DynamicProgramming,Greedy",44
"Mathematics,Greedy,Sorting,Arithmetic",15
"Implementation,Simulation,Bitmask",2
"Implementation,Mathematics,Bruteforcing,Combinatorics,Backtracking",38
"GraphTheory,BinarySearch,TopologicalSorting",14
"GraphTheory,GraphTraversal,Constructive,Ad_hoc",56
"GraphTheory,Sorting",14
"GraphTheory,DataStructures,GraphTraversal,Depth_firstSearch,Tree",49
"DataStructures,SetMapByTrees,DisjointSet",0
"Implementation,GraphTheory,DataStructures,GraphTraversal,SetMapByHashing,SetMapByTrees,DisjointSet",8
"GraphTheory,Bruteforcing,Greedy,GraphTraversal",10
"DynamicProgramming,DataStructures,PriorityQueue,SegmentTree,Deque",21
"DataStructures,Backtracking,Stack",13
"Implementation,Mathematics,PrefixSum,Combinatorics",55
"Mathematics,DataStructures,Greedy,Sorting,PriorityQueue",5
"Mathematics,NumberTheory,PrimalityTest,GameTheory",50
"Implementation,GraphTheory,DataStructures,GraphTraversal",36
"GraphTheory,DynamicProgramming,Tree,Dijkstra's,DynamicProgrammingOnTrees",60
"Mathematics,Sorting,Combinatorics,ExponentiationBySquaring",52
"DataStructures,Sorting,Ad_hoc,SetMapByTrees",40
"GraphTheory,Backtracking,Bitmask,Floyd_warshall",14
"GraphTheory,Bruteforcing,GraphTraversal,Depth_firstSearch,Backtracking,Recursion",66
"Implementation,Sorting,Constructive",54
"GraphTheory,BinarySearch,ParametricSearch,TopologicalSorting",14
"GraphTheory,Bruteforcing,GraphTraversal,Depth_firstSearch,Backtracking",66
"DataStructures,BinarySearch,DisjointSet",0
"Constructive,DivideAndConquer",56
"Mathematics,String,Bitmask",7
"GraphTheory,GraphTraversal,Breadth_firstSearch,Constructive",1
"GraphTheory,Bruteforcing,GraphTraversal,Breadth_firstSearch,Depth_firstSearch,Bitmask",24
"Mathematics,DynamicProgramming,DivideAndConquer",48
"Implementation,GraphTheory,Bruteforcing,GraphTraversal,Breadth_firstSearch,Depth_firstSearch,MinimumSpanningTree",24
"Mathematics,DynamicProgramming,Tree",48
"Greedy,Sorting,BinarySearch,Two_pointer",15
"GraphTheory,String,GraphTraversal,Breadth_firstSearch",68
"DataStructures,Sorting,BinarySearch,PriorityQueue",5
"GraphTheory,GraphTraversal,Depth_firstSearch,Tree,GameTheory",49
"GraphTheory,Greedy,GraphTraversal,Depth_firstSearch,Constructive",9
"Mathematics,Bruteforcing,Arithmetic,PrefixSum",31
"Implementation,String,Bruteforcing,Geometry",51
"Implementation,Mathematics,Tree",55
"GraphTheory,DynamicProgramming,GraphTraversal,Knapsack",44
"Mathematics,GraphTheory,Greedy",30
"DataStructures,Sorting,PrefixSum,SetMapByTrees",40
"Mathematics,String,Ad_hoc",7
"Implementation,GraphTheory,DataStructures,GraphTraversal,Breadth_firstSearch,Stack",36
"Mathematics,DataStructures,NumberTheory,BinarySearch,Ad_hoc,SetMapByHashing",25
"DataStructures,Geometry,SetMapByTrees",26
"String,DataStructures,SetMapByHashing,Hashing",61
"Implementation,DataStructures,PriorityQueue,Queue",57
"Implementation,GraphTheory,Dijkstra's,Floyd_warshall",58
"Implementation,Simulation,PrefixSum",2
"Bruteforcing,DataStructures,Sorting,SetMapByHashing,SetMapByTrees",40
"Backtracking,GameTheory",12
"GraphTheory,String,GraphTraversal",68
"Mathematics,Bruteforcing,Geometry,Backtracking",31
"DynamicProgramming,Greedy,Backtracking,Bitmask",43
"DataStructures,Backtracking,SetMapByTrees",26
"DataStructures,Geometry,SegmentTree,DivideAndConquer",21
"GraphTheory,GraphTraversal,Sorting,Breadth_firstSearch,ParametricSearch",1
"PrefixSum,ValueCoordinateCompression",16
"GraphTheory,DynamicProgramming,Knapsack,TopologicalSorting",44
"Bruteforcing,DataStructures,SetMapByTrees",69
"DataStructures,Greedy,PriorityQueue,SegmentTree",5
"DynamicProgramming,PrefixSum,Two_pointer",16
"DynamicProgramming,DataStructures,Stack,DivideAndConquer",13
"DataStructures,Greedy,LongestIncreasingSequenceInO(nLogN)",33
"Implementation,DataStructures,Ad_hoc,Stack",18
"GraphTheory,Bruteforcing,Bitmask",67
"Bruteforcing,DataStructures,Backtracking,Stack",13
"GraphTheory,DynamicProgramming,Dijkstra's,Floyd_warshall",44
"GraphTheory,Greedy,GraphTraversal,Depth_firstSearch,TopologicalSorting",9
"Implementation,GraphTheory,String,GraphTraversal,Depth_firstSearch",68
"Mathematics,DataStructures,NumberTheory,SegmentTree",21
"Mathematics,DynamicProgramming,Sorting,Combinatorics",48
"DynamicProgramming,Bruteforcing,PrefixSum,Backtracking,Bitmask",47
"GraphTheory,Sorting,Dijkstra's",58
"Bruteforcing,Greedy,BinarySearch,PrefixSum,ParametricSearch",20
"DataStructures,SegmentTree,DivideAndConquer",21
"DynamicProgramming,Sorting,Tree,DynamicProgrammingOnTrees",60
"Implementation,DataStructures,Constructive,Stack",18
"DataStructures,Greedy,Deque",33
"Mathematics,DataStructures,SetMapByHashing,ExponentiationBySquaring",45
"Mathematics,DataStructures,Sorting,SetMapByHashing,SetMapByTrees",40
"Mathematics,DynamicProgramming,Backtracking",48
"GraphTheory,DataStructures,GraphTraversal,Depth_firstSearch,Stack",35
"Mathematics,GraphTheory,GraphTraversal,Bitmask",42
"DataStructures,Greedy,Tree,PriorityQueue",5
"Mathematics,DynamicProgramming,Greedy,NumberTheory,PrimalityTest",50
"Bruteforcing,Greedy,BinarySearch,PrefixSum",20
"GraphTheory,DynamicProgramming,GraphTraversal,Depth_firstSearch,Tree,Recursion,DynamicProgrammingOnTrees",34
"Mathematics,NumberTheory,Constructive,PrimalityTest,SieveOfEratosthenes",22
"GraphTheory,GraphTraversal,Breadth_firstSearch,BinarySearch,Tree,ParametricSearch",1
"GraphTheory,DataStructures,Tree,DisjointSet",28
"GraphTheory,GraphTraversal,BinarySearch,Depth_firstSearch,PrefixSum,ParametricSearch",9
"BinarySearch,PrefixSum,ValueCoordinateCompression",20
"DynamicProgramming,TravellingSalesmanProblem",19
"Mathematics,Recursion,ProbabilityTheory,DivideAndConquer",53
"Mathematics,DynamicProgramming,Bruteforcing,Combinatorics,ProbabilityTheory",38
"Mathematics,DynamicProgramming,Sorting,BinarySearch,Combinatorics",62
"GraphTheory,Greedy,Ad_hoc",33
"Implementation,Mathematics,Sorting,NumberTheory,PrimalityTest,SieveOfEratosthenes",22
"GraphTheory,Bruteforcing,Dijkstra's,Floyd_warshall",58
"GraphTheory,Geometry,MinimumSpanningTree",14
"DynamicProgramming,Bruteforcing,Two_pointer",11
"Implementation,GraphTheory,String,DataStructures,GraphTraversal,Simulation,Depth_firstSearch,SetMapByHashing,SetMapByTrees,Recursion",8
"Implementation,GraphTheory,String,DataStructures,GraphTraversal,Simulation,Depth_firstSearch,Tree,SetMapByHashing,SetMapByTrees,Recursion",8
"Implementation,Mathematics,Greedy,Simulation,Arithmetic",41
"GraphTheory,DynamicProgramming,BinarySearch,Dijkstra's",44
"Mathematics,DataStructures,PrefixSum,SegmentTree,ValueCoordinateCompression",21
"DataStructures,Sorting,Geometry,Stack",13
"GraphTheory,GraphTraversal,Sorting,Geometry,Depth_firstSearch,Tree",49
"GraphTheory,Bruteforcing,TopologicalSorting",14
"GraphTheory,GraphTraversal,Sorting,Geometry,Tree",49
"Bruteforcing,BinarySearch,Backtracking,ParametricSearch",47
"Implementation,GraphTheory,GraphTraversal,Tree",49
"DataStructures,Greedy,Sorting,Two_pointer",15
"GraphTheory,DataStructures,Greedy,GraphTraversal,Breadth_firstSearch,Dijkstra's,PriorityQueue",59
"Mathematics,String,Combinatorics,ExponentiationBySquaring",52
"DataStructures,Greedy,PrefixSum,SetMapByHashing,PriorityQueue",5
"Mathematics,BinarySearch,Combinatorics",52
"GraphTheory,GraphTraversal,Breadth_firstSearch,Tree,MinimumSpanningTree",1
"Sorting,LongestIncreasingSequenceInO(nLogN)",15
"Implementation,GraphTheory,DataStructures,GraphTraversal,Breadth_firstSearch,Simulation,DisjointSet",36
"Implementation,Mathematics,DataStructures,SetMapByHashing,SetMapByTrees",45
"Implementation,GraphTheory,Bruteforcing,GraphTraversal,Breadth_firstSearch,Simulation",36
"Mathematics,DynamicProgramming,NumberTheory,PrimalityTest",50
"DynamicProgramming,DataStructures,Greedy,SetMapByTrees,SegmentTree",26
"GraphTheory,GraphTraversal,Sorting,Breadth_firstSearch",1
"Implementation,PrefixSum,Two_pointer",16
"Mathematics,Greedy,BinarySearch,ParametricSearch",30
"DataStructures,Stack,SetMapByTrees",13
"Mathematics,GraphTheory,GraphTraversal,Depth_firstSearch",9
"Mathematics,Ad_hoc,Bitmask",4
"DynamicProgramming,Bitmask,GameTheory",43
"String,DataStructures,Greedy",33
"GraphTheory,DynamicProgramming,GraphTraversal,TopologicalSorting",44
"GraphTheory,GraphTraversal,Depth_firstSearch,PrefixSum,Constructive,Bitmask",9
"Mathematics,BinarySearch,Two_pointer",4
"String,Greedy,BinarySearch",33
"DataStructures,Greedy,Sorting,SetMapByHashing,SetMapByTrees",40
"DataStructures,PrefixSum,Stack",13
"Implementation,Mathematics,String,NumberTheory,EuclideanAlgorithm",65
"DynamicProgramming,Tree,Knapsack,DynamicProgrammingOnTrees",60
"Mathematics,DataStructures,NumberTheory,SetMapByHashing,PrimalityTest",50
"Implementation,Simulation,PrefixSum,Two_pointer,SlidingWindow",16
"DataStructures,Greedy,Tree,SetMapByTrees,PriorityQueue",5
"Implementation,GraphTheory,DataStructures,GraphTraversal,Breadth_firstSearch,Depth_firstSearch,SetMapByHashing",29
"GraphTheory,String,GraphTraversal,Breadth_firstSearch,Depth_firstSearch,Tree",49
"GraphTheory,String,Bruteforcing,Backtracking",47
"Mathematics,Bruteforcing,Geometry,Two_pointer,ParametricSearch",31
"Implementation,String,DataStructures,Sorting,BinarySearch,SetMapByHashing",61
"Mathematics,Bruteforcing,NumberTheory,Backtracking",31
"Implementation,Greedy,Simulation,Two_pointer",2
"Implementation,Bruteforcing,Greedy,Simulation",2
"DynamicProgramming,ParametricSearch",19
"Implementation,Mathematics,GraphTheory,Simulation,ExponentiationBySquaring",41
"DataStructures,PrefixSum,SetMapByHashing,SetMapByTrees",26
"Implementation,GraphTheory,String,DataStructures,GraphTraversal,SetMapByHashing,SetMapByTrees",8
"Implementation,Greedy,Sorting,Ad_hoc,ParametricSearch",6
"Mathematics,GraphTheory,GraphTraversal,NumberTheory,Tree",42
"GraphTheory,DataStructures,GraphTraversal,Breadth_firstSearch,Tree,PriorityQueue",59
"GraphTheory,DynamicProgramming,Dijkstra's,Bitmask,TravellingSalesmanProblem",44
"GraphTheory,DynamicProgramming,GraphTraversal,Breadth_firstSearch,Tree,DynamicProgrammingOnTrees",34
"GraphTheory,GraphTraversal,Breadth_firstSearch,BinarySearch,ParametricSearch",1
"String,PrefixSum,Ad_hoc",3
"Mathematics,Greedy,Backtracking,Bitmask",30
"Implementation,DataStructures,Ad_hoc,PriorityQueue",57
"GraphTheory,DataStructures,Tree,Dijkstra's,DisjointSet",28
"Implementation,Sorting,ValueCoordinateCompression",54
"Greedy,Sorting,BinarySearch,ParametricSearch",15
"Implementation,DataStructures,Sorting,Ad_hoc",6
"Implementation,DataStructures,Sorting,Ad_hoc,SegmentTree",6
"DynamicProgramming,String,DataStructures,SetMapByHashing",61
"Implementation,Ad_hoc,Hashing",6
"Mathematics,DataStructures,NumberTheory,PriorityQueue,Recursion,EuclideanAlgorithm",65
"Implementation,Mathematics,String,DataStructures,Combinatorics,SetMapByHashing",45
"DynamicProgramming,DataStructures,Tree,SetMapByHashing",17
"Implementation,GraphTheory,DynamicProgramming,Greedy,GraphTraversal,Breadth_firstSearch",36
"Implementation,Mathematics,Simulation,Arithmetic,BinarySearch",41
"Implementation,Mathematics,String,Simulation,Arithmetic,Ad_hoc,Recursion",41
"Implementation,Mathematics,Bruteforcing,Greedy,Arithmetic",41
"Mathematics,Sorting,NumberTheory,PrimalityTest,SieveOfEratosthenes",22
"GraphTheory,Bruteforcing,DataStructures,GraphTraversal,Breadth_firstSearch,Depth_firstSearch,Backtracking,DisjointSet",35
"Implementation,GraphTheory,DataStructures,GraphTraversal,Depth_firstSearch,SetMapByHashing,ValueCoordinateCompression",8
"Bruteforcing,Sorting,Geometry,BinarySearch",46
"Implementation,Bruteforcing,Constructive",11
"Mathematics,Bruteforcing,Greedy,Sorting,Arithmetic",31
"Mathematics,String,Bruteforcing,DataStructures,Stack,Recursion",18
"String,DataStructures,Greedy,Stack,Recursion",18
"Implementation,GraphTheory,String,DataStructures,GraphTraversal,Depth_firstSearch,Tree,Stack,Two_pointer",49
"GraphTheory,DynamicProgramming,GraphTraversal,Breadth_firstSearch,Bitmask",1
"Implementation,GraphTheory,DynamicProgramming,Dijkstra's,Bitmask,0_1Bfs",44
"GraphTheory,Bruteforcing,Dijkstra's,Backtracking",58
"DynamicProgramming,Constructive",19
"DynamicProgramming,BinarySearch,PrefixSum,Two_pointer",20
"Mathematics,GraphTheory,DynamicProgramming,GraphTraversal,Depth_firstSearch,Tree,DynamicProgrammingOnTrees",34
"GraphTheory,GraphTraversal,BinarySearch",10
"String,Greedy,Constructive",33
"Mathematics,Bruteforcing,Geometry,Constructive",31
"Bruteforcing,DataStructures,SetMapByHashing,Hashing",17
"Implementation,DataStructures,Greedy,SetMapByHashing,SetMapByTrees",26
"GraphTheory,DynamicProgramming,DataStructures,GraphTraversal,DisjointSet,Knapsack",28
"GraphTheory,Greedy,GraphTraversal,Sorting,Breadth_firstSearch,Depth_firstSearch",24
"DynamicProgramming,Constructive,Knapsack",19
"Implementation,Mathematics,String,Arithmetic,Bitmask",32
"Sorting,PrefixSum,ValueCoordinateCompression",16
"GraphTheory,Floyd_warshall,ValueCoordinateCompression",14
"Mathematics,DynamicProgramming,Tree,DynamicProgrammingOnTrees",60
"Mathematics,DynamicProgramming,DataStructures,Combinatorics,DisjointSet",48
"Mathematics,GraphTheory,GraphTraversal,NumberTheory,Depth_firstSearch,Tree",49
"Implementation,String,DataStructures,Tree,SetMapByHashing,SetMapByTrees",61
"GraphTheory,DynamicProgramming,String,DataStructures,Dijkstra's,SetMapByHashing,Floyd_warshall",61
"DataStructures,Sorting,BinarySearch,SetMapByTrees",40
"Mathematics,Greedy,Bitmask,ProbabilityTheory",30
"Mathematics,Bruteforcing,DataStructures,NumberTheory,SetMapByHashing,PrimalityTest",50
"Greedy,ValueCoordinateCompression",33
"Implementation,GraphTheory,Sorting",54
"Implementation,GraphTheory,Dijkstra's,0_1Bfs",58
"Mathematics,GraphTheory,GraphTraversal,Breadth_firstSearch,Constructive,Ad_hoc",42
"GraphTheory,Greedy,GraphTraversal,Depth_firstSearch,Ad_hoc,Recursion",9
"Mathematics,DataStructures",45
"Greedy,Sorting,Constructive,Ad_hoc,TravellingSalesmanProblem",56
"DataStructures,Tree,PriorityQueue",5
"Mathematics,DataStructures,Combinatorics,Stack",13
"DataStructures,Greedy,Sorting,DisjointSet",0
"Implementation,DataStructures,Greedy",57
"DynamicProgramming,DataStructures,BinarySearch",20
"DataStructures,Greedy,Sorting,Bitmask,PriorityQueue",5
"DataStructures,Ad_hoc,PriorityQueue",5
"Bruteforcing,Sorting,Geometry,Two_pointer",46
"Mathematics,DynamicProgramming,Sorting,NumberTheory",48
"DataStructures,Sorting,PrefixSum,ValueCoordinateCompression",40
"Mathematics,DynamicProgramming,NumberTheory,PrefixSum,PrimalityTest,SieveOfEratosthenes,GameTheory",22
"String,Greedy,Backtracking",33
"Implementation,Mathematics,Sorting,Arithmetic",41
"DynamicProgramming,BinarySearch,ValueCoordinateCompression",20
"DynamicProgramming,String,Tree,Recursion,DynamicProgrammingOnTrees",60
"Mathematics,Bruteforcing,NumberTheory,Backtracking,PrimalityTest,SieveOfEratosthenes",22
"Greedy,Sorting,PrefixSum,Two_pointer",15
"Implementation,Mathematics,Bruteforcing,NumberTheory,PrimalityTest",27
"Implementation,String,Bruteforcing,BinarySearch",51
"DataStructures,Sorting,Constructive,SetMapByHashing",40
"Implementation,Mathematics,DynamicProgramming,Sorting",55
"Implementation,String,DataStructures,Simulation,SetMapByHashing,Stack",18
"DataStructures,PrefixSum,Constructive,DisjointSet",0
"Mathematics,GraphTheory,Greedy,GraphTraversal,Breadth_firstSearch",42
"DynamicProgramming,Bruteforcing,Recursion",11
"Mathematics,DataStructures,Greedy,SetMapByHashing,GameTheory",45
"Implementation,Sorting,Bitmask",54
"Sorting,Geometry,Constructive",46
"DataStructures,BinarySearch,Stack",13
"Mathematics,Greedy,Geometry",30
"Implementation,String,Two_pointer,SlidingWindow",51
"GraphTheory,String,DataStructures,GraphTraversal,DisjointSet",28
"DynamicProgramming,BinarySearch,Two_pointer",20
"Mathematics,Bruteforcing,Recursion,ProbabilityTheory",38
"DataStructures,SetMapByHashing,Bitmask,SetMapByTrees",26
"Implementation,String,DataStructures,Simulation,Deque",57
"Implementation,Mathematics,Simulation,Recursion",41
"Implementation,GraphTheory,GraphTraversal,Ad_hoc",10
"Greedy,Geometry,GameTheory",12
"Mathematics,Greedy,Sorting,Geometry",62
"Implementation,DataStructures,Simulation,SetMapByTrees,Queue",57
"DynamicProgramming,Geometry,Bitmask,TravellingSalesmanProblem",43
"Mathematics,Bruteforcing,NumberTheory,Recursion,EuclideanAlgorithm,DivideAndConquer",65
"Mathematics,Constructive,Combinatorics,Tree",52
"Mathematics,String,DataStructures,Combinatorics,SetMapByTrees",45
"DataStructures,Greedy,Two_pointer,Deque",33
"Implementation,GraphTheory,Greedy,GraphTraversal,Depth_firstSearch,Tree",49
"Implementation,DataStructures,Constructive,SetMapByHashing",17
"DataStructures,Greedy,Sorting,SetMapByTrees,PriorityQueue",5
"DynamicProgramming,PrefixSum,Knapsack",19
"DynamicProgramming,Two_pointer",19
"GraphTheory,GraphTraversal,BinarySearch,Dijkstra's,MinimumSpanningTree",10
"Mathematics,Sorting,NumberTheory,Geometry,BinarySearch",62
"String,Geometry",3
"DataStructures,SetMapByHashing,SetMapByTrees,PriorityQueue",26
"DataStructures,BinarySearch,PriorityQueue,ParametricSearch",5
"DataStructures,Sorting,PrefixSum,Stack,SetMapByTrees",40
"Bruteforcing,DataStructures,SetMapByHashing,Bitmask,Recursion,Hashing",17
"GraphTheory,Bruteforcing,MinimumSpanningTree",14
"Mathematics,Sorting,BinarySearch,PrefixSum",62
"Mathematics,NumberTheory,Constructive,PrimalityTest",50
"String,Bruteforcing,DataStructures,Stack,Recursion",18
"Mathematics,Bruteforcing,Greedy,NumberTheory,PrimalityTest",50
"DataStructures,Two_pointer,PriorityQueue,SegmentTree",21
"Implementation,DataStructures,Simulation,DisjointSet",57
"DataStructures,Greedy,PriorityQueue,GameTheory",5
"Bruteforcing,Greedy,Ad_hoc,ValueCoordinateCompression",33
"Mathematics,Bruteforcing,Greedy",31
"String,DataStructures,Sorting,SetMapByTrees",40
"Bruteforcing,DataStructures,Backtracking,DisjointSet",47
"BinarySearch,DivideAndConquer",20
"Mathematics,DynamicProgramming,Bitmask,ProbabilityTheory",48
"Implementation,String,DataStructures,SetMapByTrees,PriorityQueue",57
"Mathematics,DataStructures,Sorting,Combinatorics,SetMapByTrees",45
"DataStructures,Sorting",40
"GraphTheory,DynamicProgramming,String,GraphTraversal,Breadth_firstSearch,Bitmask",68
"Greedy,PrefixSum,Two_pointer",16
"Implementation,String,Greedy,Ad_hoc",51
"String,PrefixSum",3
"Mathematics,DataStructures,Combinatorics,SetMapByTrees",45
"GraphTheory,DataStructures,Sorting,Tree,SetMapByHashing,TopologicalSorting",40
"GraphTheory,DynamicProgramming,GraphTraversal,Depth_firstSearch,Constructive,Tree,Ad_hoc,DynamicProgrammingOnTrees",34
"Mathematics,GraphTheory,GraphTraversal,NumberTheory,EuclideanAlgorithm",42
"Mathematics,Bruteforcing,Greedy,Sorting,Combinatorics",38
"Mathematics,DataStructures,SetMapByHashing,SetMapByTrees",45
"Implementation,Greedy,Bitmask",33
"Bruteforcing,BinarySearch",20
"GraphTheory,DataStructures,GraphTraversal,Sorting,Breadth_firstSearch,SetMapByTrees,PriorityQueue",64
"GraphTheory,DataStructures,Greedy,GraphTraversal,PriorityQueue",59
"Implementation,Mathematics,String,Arithmetic,ProbabilityTheory",32
"GraphTheory,DataStructures,Geometry,DisjointSet",28
"GraphTheory,Ad_hoc,Dijkstra's",58
"GraphTheory,DataStructures,GraphTraversal,Breadth_firstSearch,Queue",64
"Mathematics,BinarySearch,ProbabilityTheory",4
"DynamicProgramming,Bruteforcing,Sorting",11
"Mathematics,GraphTheory,GraphTraversal,NumberTheory,PrimalityTest,SieveOfEratosthenes",22
"DataStructures,Stack,DivideAndConquer",13
"Sorting,Two_pointer,ValueCoordinateCompression",46
"GraphTheory,DynamicProgramming,GraphTraversal,Breadth_firstSearch,Dijkstra's,Bitmask,TravellingSalesmanProblem",1
"Implementation,GraphTheory,Bruteforcing,GraphTraversal,Simulation",36
"String,Greedy,Sorting,BinarySearch",15
"Implementation,GraphTheory,GraphTraversal,Breadth_firstSearch,Depth_firstSearch,ValueCoordinateCompression",24
"Mathematics,NumberTheory,Two_pointer",39
"Bruteforcing,Backtracking,Recursion",47
"Implementation,GraphTheory,GraphTraversal,Breadth_firstSearch,Geometry",36
"Bruteforcing,Sorting,Geometry",46
"Implementation,GraphTheory,Bruteforcing,GraphTraversal,Breadth_firstSearch,Geometry,Depth_firstSearch",24
"DataStructures,BinarySearch,SegmentTree,SlidingWindow,Deque",21
"Implementation,Bruteforcing,Geometry,Backtracking",47
"Implementation,DataStructures,Geometry,PrefixSum,SetMapByHashing",17
"GraphTheory,GraphTraversal,Depth_firstSearch,Knapsack",9
"GraphTheory,DataStructures,GraphTraversal,Depth_firstSearch,SetMapByTrees",35
"Implementation,GraphTheory,GraphTraversal,Breadth_firstSearch,Simulation,Dijkstra's",36
"DynamicProgramming,DataStructures,PrefixSum,SegmentTree,ValueCoordinateCompression",21
"Implementation,Sorting,Geometry",54
"Mathematics,Bruteforcing,Arithmetic,Bitmask",31
"String,Bruteforcing,Greedy,Backtracking",47
"String,Greedy,Two_pointer",33
"DataStructures,Greedy,BinarySearch,SetMapByTrees",26
"Mathematics,Bruteforcing,DataStructures,NumberTheory,SetMapByHashing,EuclideanAlgorithm",65
"GraphTheory,Dijkstra's,TopologicalSorting",58
"Mathematics,Bruteforcing,Recursion,DivideAndConquer",53
"Implementation,Sorting,Simulation,Geometry",54
"DynamicProgramming,Sorting,LongestIncreasingSequenceInO(nLogN)",19
"DataStructures,Two_pointer,SlidingWindow",63
"DataStructures,Sorting,SetMapByTrees,SegmentTree",40
"Mathematics,Bruteforcing,Combinatorics,ProbabilityTheory",38
"Bruteforcing,DataStructures,SetMapByHashing,Recursion",17
"Implementation,GraphTheory,Bruteforcing,GraphTraversal,Breadth_firstSearch,Simulation,Depth_firstSearch,Backtracking",66
"String,Bruteforcing,DataStructures,Stack",18
"Implementation,GraphTheory,DataStructures,Dijkstra's,SetMapByHashing",8
"Implementation,GraphTheory,Bruteforcing,GraphTraversal,Simulation,Depth_firstSearch,Backtracking",66
"String,DataStructures,Sorting,Tree",40
"Greedy,BinarySearch,LongestIncreasingSequenceInO(nLogN)",20
"Implementation,String,DataStructures,Sorting,Simulation,SetMapByHashing,SetMapByTrees",61
"GraphTheory,String,DataStructures,GraphTraversal,SetMapByHashing",8
"Mathematics,GraphTheory,DynamicProgramming,Combinatorics,Dijkstra's,ProbabilityTheory",48
"String,Bruteforcing,Sorting",3
"DataStructures,Greedy,Sorting,PriorityQueue,SegmentTree",5
"Implementation,GraphTheory,GraphTraversal,Breadth_firstSearch,Dijkstra's",36
"String,Bruteforcing,SlidingWindow",63
"Implementation,GraphTheory,GraphTraversal,Bitmask",10
"GraphTheory,DataStructures,GraphTraversal,Depth_firstSearch,Backtracking,Stack",35
"Implementation,Mathematics,Bruteforcing,DataStructures,Greedy,PriorityQueue",5
"Sorting,Geometry,BinarySearch",46
"Mathematics,String,Bruteforcing,NumberTheory,PrimalityTest,SieveOfEratosthenes",22
"DynamicProgramming,Bruteforcing,BinarySearch,Backtracking,Bitmask",47
"GraphTheory,GraphTraversal,Tree,Recursion",49
"Implementation,Mathematics,Constructive,Backtracking",55
"Mathematics,Bruteforcing,Combinatorics,Bitmask",38
"GraphTheory,PrefixSum,Dijkstra's",58
"Mathematics,Greedy,DivideAndConquer",30
"Implementation,GraphTheory,GraphTraversal,Simulation,Dijkstra's,0_1Bfs",36
"DataStructures,Greedy,Stack,Two_pointer",13
"DataStructures,PrefixSum,SetMapByHashing,Hashing",17
"Implementation,String,Backtracking",51
"Implementation,GraphTheory,Bruteforcing,Greedy,GraphTraversal,Breadth_firstSearch,Geometry,Depth_firstSearch",24
"GraphTheory,DynamicProgramming,Bruteforcing,TopologicalSorting",44
"Mathematics,Bruteforcing,NumberTheory,PrimalityTest,SieveOfEratosthenes,SlidingWindow",22
"Implementation,DynamicProgramming,String,Simulation",2
"Tree,SlidingWindow",37
"Implementation,DataStructures,Greedy,Simulation,PriorityQueue",57
"Mathematics,DynamicProgramming,NumberTheory,PrimalityTest,SieveOfEratosthenes,Knapsack",22
"GraphTheory,GraphTraversal,Depth_firstSearch,TopologicalSorting",9
"DataStructures,Sorting,BinarySearch,DisjointSet",0
"Geometry,Recursion,DivideAndConquer",53
"GraphTheory,String,MinimumSpanningTree",14
"GraphTheory,DataStructures,Dijkstra's",58
"Mathematics,GraphTheory,Bruteforcing,GraphTraversal,Depth_firstSearch,Backtracking",66
"Implementation,Mathematics,Bruteforcing,ProbabilityTheory",38
"Mathematics,String,DataStructures,Combinatorics,SetMapByHashing",45
"Implementation,Mathematics,Bruteforcing,Simulation,Arithmetic",41
"Implementation,DataStructures,Tree,Stack,Recursion",18
"Mathematics,Bruteforcing,Sorting,Geometry",31
"Mathematics,Sorting,Geometry,PrefixSum",62
"DynamicProgramming,Greedy,Sorting,GameTheory",15
"DataStructures,Two_pointer",17
"DataStructures,Greedy,SegmentTree,DivideAndConquer",21
"Implementation,Greedy,Ad_hoc",6
"GraphTheory,Constructive,Tree",37
"Implementation,DynamicProgramming,Bitmask",43
"Mathematics,GraphTheory,DynamicProgramming,GraphTraversal,Combinatorics,Tree,DynamicProgrammingOnTrees",34
"Implementation,DynamicProgramming,PrefixSum",16
"GraphTheory,DataStructures,GraphTraversal,Depth_firstSearch,SetMapByHashing,TopologicalSorting",29
"String,DataStructures,Tree,Recursion",37
"Implementation,PrefixSum,SlidingWindow",16
"GraphTheory,Constructive,Backtracking",56
"GraphTheory,Constructive,Ad_hoc,Floyd_warshall",56
"Implementation,String,DivideAndConquer",51
"Mathematics,String,Combinatorics,Backtracking",52
"Implementation,GraphTheory,String,DataStructures,GraphTraversal,SetMapByHashing",8
"Implementation,Mathematics,Bruteforcing,NumberTheory",27
"GraphTheory,DataStructures",14
"Geometry,PrefixSum,Two_pointer",16
"Implementation,GraphTheory,String,DataStructures,GraphTraversal,Breadth_firstSearch,Dijkstra's,SetMapByHashing",8
"GraphTheory,DataStructures,GraphTraversal,Depth_firstSearch,SetMapByHashing,Backtracking",29
"Implementation,Mathematics,Bruteforcing,Simulation,ProbabilityTheory",38
"GraphTheory,GraphTraversal,Depth_firstSearch,Tree,Recursion,DivideAndConquer",49
"GraphTheory,DynamicProgramming,Bruteforcing,Sorting,TopologicalSorting",44
"Mathematics,Combinatorics,Backtracking,Recursion",52
"GraphTheory,Bruteforcing,Geometry,MinimumSpanningTree",14
"Implementation,GraphTheory,Bruteforcing,GraphTraversal,Depth_firstSearch,Recursion",10
"Implementation,DataStructures,SlidingWindow,Queue",57
"GraphTheory,DataStructures,TopologicalSorting",14
"Implementation,Mathematics,Recursion,DivideAndConquer",53
"Implementation,String,Greedy,Tree",51
"GraphTheory,GraphTraversal,Sorting,Tree",49
"Mathematics,DataStructures,PriorityQueue",5
"Implementation,Mathematics,Sorting,Simulation",41
"DynamicProgramming,DataStructures,Greedy,SlidingWindow,Deque",33
"GraphTheory,DataStructures,GraphTraversal",28
"Implementation,Mathematics,NumberTheory,Simulation,Recursion,EuclideanAlgorithm",65
"Mathematics,GraphTheory,GraphTraversal,Breadth_firstSearch,NumberTheory",42
"DynamicProgramming,String,Greedy,Bitmask",43
"Mathematics,DynamicProgramming,Bruteforcing,NumberTheory,PrimalityTest",50
"GraphTheory,String,DataStructures,GraphTraversal,Depth_firstSearch,SetMapByHashing,SetMapByTrees",29
"Mathematics,DynamicProgramming,Greedy,Knapsack",48
"Mathematics,Sorting,Ad_hoc,Backtracking",6
"Implementation,Bruteforcing,Simulation,PrefixSum",2
"DataStructures,SegmentTree,Deque",21
"GraphTheory,GraphTraversal,Breadth_firstSearch,BinarySearch,Depth_firstSearch,Two_pointer",24
"DynamicProgramming,Bruteforcing,DataStructures,PrefixSum,SetMapByHashing,DivideAndConquer",17
"DynamicProgramming,DataStructures,Sorting,BinarySearch",40
"String,DataStructures,Sorting,BinarySearch,SetMapByHashing",61
"DataStructures,PrefixSum,Stack,SegmentTree,DivideAndConquer",21
"GraphTheory,Sorting,MinimumSpanningTree",14
"GraphTheory,GraphTraversal,Breadth_firstSearch,MinimumSpanningTree",1
"GraphTheory,Bruteforcing,GraphTraversal,Breadth_firstSearch,Depth_firstSearch,Backtracking",66
"Bruteforcing,BinarySearch,ParametricSearch",20
"DynamicProgramming,DataStructures,SegmentTree,LongestIncreasingSequenceInO(nLogN)",21
"Mathematics,Constructive,Tree",37
"DynamicProgramming,BinarySearch,ParametricSearch",20
"Sorting,Geometry,BinarySearch,Two_pointer",46
"Implementation,String,DataStructures,Simulation,SetMapByHashing",61
"GraphTheory,DynamicProgramming,GraphTraversal,Depth_firstSearch,TopologicalSorting",9
"DataStructures,SlidingWindow,Queue",63
"Implementation,DataStructures,Sorting,BinarySearch,SetMapByTrees",40
"DynamicProgramming,Bruteforcing,PrefixSum,ParametricSearch",11
"Implementation,String,DataStructures,Stack,Deque",18
"Mathematics,Greedy,NumberTheory,PrimalityTest,SieveOfEratosthenes",22
"DataStructures,Geometry,BinarySearch,SetMapByHashing,ValueCoordinateCompression",17
"Bruteforcing,Sorting,BinarySearch,Two_pointer",46
"Mathematics,Greedy,Backtracking",30
"Mathematics,DataStructures,NumberTheory,PriorityQueue",5
"Mathematics,Two_pointer",4
"Mathematics,NumberTheory,Backtracking",39
"Mathematics,Constructive,Ad_hoc,Recursion",56
"DataStructures,BinarySearch",20
"Greedy,DivideAndConquer",33
"Implementation,Greedy,Constructive,Tree",37
"GraphTheory,DataStructures,GraphTraversal,Depth_firstSearch,Tree,Stack",49
"Mathematics,Bruteforcing,Backtracking",47
"DataStructures,SlidingWindow,Deque",63
"Mathematics,NumberTheory,Arithmetic",39
"Implementation,DynamicProgramming,String,Backtracking",51
"GraphTheory,DataStructures,Tree,Stack",13
"GraphTheory,Bruteforcing,GraphTraversal,Depth_firstSearch",9
"GraphTheory,DynamicProgramming,GraphTraversal,Dijkstra's",44
"DynamicProgramming,Sorting,BinarySearch",20
"Bruteforcing,ValueCoordinateCompression",11
"Mathematics,String,NumberTheory,PrimalityTest",50
"Implementation,Mathematics,Sorting,Ad_hoc",6
"Implementation,PrefixSum,DivideAndConquer",16
"GraphTheory,BinarySearch,MinimumSpanningTree",14
"GraphTheory,DataStructures,GraphTraversal,DisjointSet,Floyd_warshall",28
"DynamicProgramming,Greedy,BinarySearch",20
"Implementation,GraphTheory,GraphTraversal,Sorting,Breadth_firstSearch,BinarySearch,Depth_firstSearch,ValueCoordinateCompression",24
"Implementation,Bruteforcing,Sorting,PrefixSum",54
"Implementation,GraphTheory,Bruteforcing,GraphTraversal,Depth_firstSearch",10
"DynamicProgramming,Bruteforcing,Greedy",11
"Mathematics,NumberTheory,Backtracking,PrimalityTest",50
"GraphTheory,DataStructures,GraphTraversal,Breadth_firstSearch,Geometry,Depth_firstSearch,SetMapByHashing,SetMapByTrees",29
"GraphTheory,DynamicProgramming,String,DataStructures,GraphTraversal,Breadth_firstSearch,Depth_firstSearch,SetMapByHashing",29
"Implementation,DataStructures,Simulation,Deque,Queue",57
"String,DataStructures,Sorting,SetMapByHashing,Backtracking",61
"Implementation,Mathematics,Bruteforcing,NumberTheory,Simulation,EuclideanAlgorithm",27
ParametricSearch,12
"DataStructures,SetMapByHashing,DisjointSet",17
"Mathematics,String,DataStructures,Stack,ProbabilityTheory",18
"Mathematics,NumberTheory,PrimalityTest,ExponentiationBySquaring",50
"Implementation,Mathematics,Combinatorics,Recursion",52
"GraphTheory,GraphTraversal,Breadth_firstSearch,Ad_hoc,Backtracking",1
"DataStructures,Sorting,SegmentTree,ValueCoordinateCompression",21
"GraphTheory,GraphTraversal,Depth_firstSearch,Tree,TopologicalSorting",49
"GraphTheory,Bruteforcing,GraphTraversal,Depth_firstSearch,Tree",49
"Mathematics,Combinatorics,Two_pointer",52
"Implementation,Mathematics,Greedy,Sorting,Arithmetic",41
"GraphTheory,GraphTraversal,Bitmask",10
"Implementation,GraphTheory,String,Dijkstra's",58
"DataStructures,Greedy,Constructive",33
"Implementation,Mathematics,String,Simulation,ProbabilityTheory",32
"Implementation,Tree,Recursion",37
"Implementation,GraphTheory,String,GraphTraversal,Tree",68
"Implementation,DataStructures,Greedy,BinarySearch,SetMapByHashing",17
"DynamicProgramming,DataStructures,SetMapByHashing,GameTheory",17
"Mathematics,GraphTheory,GraphTraversal,Breadth_firstSearch,NumberTheory,Depth_firstSearch,EuclideanAlgorithm",42
"Bruteforcing,Geometry,ValueCoordinateCompression",11
"GraphTheory,Bruteforcing,GraphTraversal,Breadth_firstSearch,Backtracking",66
"String,Bruteforcing,DataStructures,Sorting,SetMapByTrees",40
"Implementation,GraphTheory,DynamicProgramming,Geometry,Dijkstra's",58
"Implementation,String,DataStructures,Sorting,SetMapByTrees",40
"Implementation,DynamicProgramming,Knapsack",19
"DataStructures,SetMapByHashing,Two_pointer,SetMapByTrees",26
"String,DataStructures,SetMapByHashing,SetMapByTrees,DisjointSet",61
"Implementation,Mathematics,Bruteforcing,Sorting,BinarySearch",55
"GraphTheory,DynamicProgramming,Greedy,GraphTraversal,Depth_firstSearch,Tree,Ad_hoc,DynamicProgrammingOnTrees",34
"GraphTheory,DynamicProgramming,GraphTraversal,Breadth_firstSearch,Depth_firstSearch,Tree,DynamicProgrammingOnTrees",34
"Implementation,Mathematics,DataStructures,Constructive,Bitmask,SegmentTree",21
"Implementation,DynamicProgramming,String,Ad_hoc",51
"Mathematics,Sorting,Geometry,BinarySearch",62
"DynamicProgramming,Greedy,LongestIncreasingSequenceInO(nLogN)",19
"DataStructures,Sorting,PrefixSum,SetMapByHashing",40
"GraphTheory,DynamicProgramming,Bitmask",44
"GraphTheory,DynamicProgramming,String,Bruteforcing,GraphTraversal",68
"DynamicProgramming,DataStructures,BinarySearch,SegmentTree",21
"DynamicProgramming,DataStructures,Tree",60
"Mathematics,Sorting,ProbabilityTheory",62
"Mathematics,Bruteforcing,Combinatorics,Backtracking",38
"Implementation,Mathematics,String,DataStructures,Stack",18
"Mathematics,Tree,Recursion",37
"Implementation,Backtracking,Recursion",53
"Mathematics,Bruteforcing,NumberTheory,Combinatorics,PrimalityTest,SieveOfEratosthenes",22
"Mathematics,GraphTheory,DynamicProgramming,GraphTraversal,Combinatorics,Bitmask",48
"DataStructures,PrefixSum,Deque",16
"Implementation,Bruteforcing,Sorting,BinarySearch,Two_pointer",46
"DataStructures,Stack,Recursion",13
"Mathematics,DynamicProgramming,Bruteforcing,ProbabilityTheory",38
"GraphTheory,DataStructures,Two_pointer,DisjointSet,MinimumSpanningTree",28
"GraphTheory,GraphTraversal,Backtracking",66
"String,Bruteforcing,DataStructures,SetMapByHashing,Hashing",61
"DataStructures,PriorityQueue,SlidingWindow,Deque",5
"DataStructures,SetMapByHashing,ValueCoordinateCompression",17
"DataStructures,Sorting,BinarySearch,PrefixSum,SetMapByHashing",40
"Implementation,String,DataStructures,Stack,Queue",18
"GraphTheory,DataStructures,GraphTraversal,Breadth_firstSearch,SetMapByHashing,SetMapByTrees",64
"Mathematics,DataStructures,NumberTheory,PrimalityTest,DisjointSet,SieveOfEratosthenes",22
"Implementation,DataStructures,Simulation,SegmentTree",57
"Mathematics,Bruteforcing,Greedy,Sorting",31
"Mathematics,DataStructures,Sorting,PriorityQueue",5
"PrefixSum,Tree",37
"GraphTheory,Bruteforcing,GraphTraversal,Breadth_firstSearch,Tree",1
"DataStructures,Tree,SetMapByHashing",17
"Mathematics,DynamicProgramming,DataStructures,NumberTheory,SetMapByHashing",45
"Implementation,Mathematics,DataStructures,Simulation,Queue",57
"GraphTheory,BinarySearch,Two_pointer",20
"Mathematics,GraphTheory,DynamicProgramming,Tree",48
"String,Backtracking",3
"GraphTheory,Bruteforcing,Backtracking",47
"Mathematics,NumberTheory,Geometry,Constructive",39
"Mathematics,DynamicProgramming,NumberTheory,PrefixSum",39
"Implementation,String,Bruteforcing,Recursion",51
"Mathematics,NumberTheory,Combinatorics,PrimalityTest",50
"Mathematics,NumberTheory,Bitmask,EuclideanAlgorithm",65
"Mathematics,GraphTheory,GraphTraversal,Breadth_firstSearch,Depth_firstSearch",42
"Mathematics,DynamicProgramming,NumberTheory,Two_pointer,PrimalityTest",50
"Bruteforcing,Greedy,Sorting,PrefixSum",15
"GraphTheory,DynamicProgramming,DataStructures,GraphTraversal,Two_pointer,PriorityQueue",59
"Mathematics,ValueCoordinateCompression",4
"Mathematics,GraphTheory,Greedy,Combinatorics",52
"DataStructures,Greedy,Stack,SegmentTree",13
"Implementation,GraphTheory,DataStructures,SetMapByHashing,Floyd_warshall",8
"DynamicProgramming,DataStructures,SegmentTree,ValueCoordinateCompression",21
"Implementation,Bruteforcing,Tree",37
"Mathematics,Tree,Bitmask",37
"Constructive,Ad_hoc,Backtracking",56
"Bruteforcing,Sorting,Backtracking",47
"Implementation,DataStructures,Greedy,Sorting,Queue",57
"Bruteforcing,DataStructures,Tree",37
"Implementation,Mathematics,String,ProbabilityTheory",32
"Mathematics,Ad_hoc,GameTheory",12
"Mathematics,Sorting,Ad_hoc,Two_pointer",6
"Mathematics,String,Combinatorics,ProbabilityTheory",52
"Implementation,Ad_hoc,Two_pointer",6
"DynamicProgramming,DataStructures,Queue",19
"Implementation,Bruteforcing,DataStructures,Greedy,Sorting,Two_pointer,Deque",54
"Implementation,GraphTheory,Bruteforcing,Greedy,GraphTraversal",10
"Bruteforcing,Tree",37
"Mathematics,Greedy,Combinatorics,GameTheory",52
"Mathematics,Recursion,DivideAndConquer",53
"GraphTheory,Greedy,GraphTraversal,Breadth_firstSearch,Constructive",1
"Bruteforcing,Backtracking,Bitmask",47
"Mathematics,Bruteforcing,Greedy,ProbabilityTheory",38
"Implementation,Mathematics,DynamicProgramming,Combinatorics",48
"Implementation,String,Bruteforcing,DataStructures,Simulation,Stack",18
"DynamicProgramming,DataStructures,SetMapByTrees",26
"Implementation,Simulation,BinarySearch,ParametricSearch",2
"Mathematics,DynamicProgramming,Greedy,NumberTheory",48
"Mathematics,GraphTheory,DataStructures,GraphTraversal,Breadth_firstSearch,Depth_firstSearch,DisjointSet",35
"Bruteforcing,DataStructures,Stack",13
"Bruteforcing,DataStructures,Tree,SetMapByHashing",17
"DynamicProgramming,DataStructures,Greedy,Tree,SetMapByHashing,DynamicProgrammingOnTrees",60
"Mathematics,DynamicProgramming,NumberTheory,ExponentiationBySquaring",23
"Mathematics,Bruteforcing,Ad_hoc,ProbabilityTheory",38
"Mathematics,GraphTheory,GraphTraversal,Depth_firstSearch,Tree,ProbabilityTheory",49
"GraphTheory,DataStructures,Constructive,Ad_hoc,DisjointSet",28
"DataStructures,SetMapByHashing,Hashing",17
"GraphTheory,DynamicProgramming,GraphTraversal,Breadth_firstSearch,Depth_firstSearch",24
"Implementation,Mathematics,Greedy,Simulation,Bitmask",41
"Mathematics,Sorting,NumberTheory,EuclideanAlgorithm",65
"DataStructures,Tree,SegmentTree",21
"Implementation,GraphTheory,DataStructures,GraphTraversal,Breadth_firstSearch,PriorityQueue",59
"GraphTheory,DataStructures,GraphTraversal,Breadth_firstSearch,Dijkstra's,PriorityQueue",59
"GraphTheory,GraphTraversal,Depth_firstSearch,DivideAndConquer",9
"Bruteforcing,Ad_hoc,Backtracking",47
"Bruteforcing,Constructive",11
"Implementation,String,Bruteforcing,DataStructures,SetMapByHashing,Backtracking",69
"GraphTheory,String",3
"String,DataStructures,Tree,SetMapByHashing,SetMapByTrees",61
"GraphTheory,DataStructures,DisjointSet,TopologicalSorting",28
"DataStructures,SetMapByTrees,SegmentTree",21
"Implementation,Mathematics,GameTheory",55
"Mathematics,GraphTheory,NumberTheory,Dijkstra's,PrimalityTest,SieveOfEratosthenes",22
"DataStructures,SegmentTree,LongestIncreasingSequenceInO(nLogN)",21
"Implementation,String,Geometry",51
"Implementation,String,Bruteforcing,Sorting,Backtracking",54
"GraphTheory,DynamicProgramming,GraphTraversal,Depth_firstSearch,Bitmask,TravellingSalesmanProblem",9
"Implementation,Sorting,SlidingWindow",54
"Implementation,Mathematics,DataStructures,NumberTheory,Simulation,PrimalityTest,PriorityQueue,SieveOfEratosthenes",22
"Implementation,GraphTheory,Bruteforcing,GraphTraversal,Breadth_firstSearch,Depth_firstSearch,Backtracking",66
"Implementation,Mathematics,GraphTheory,GraphTraversal,Simulation,ExponentiationBySquaring",36
"Mathematics,Arithmetic,PrefixSum",4
"Constructive,Bitmask,Recursion",67
"GraphTheory,DataStructures,GraphTraversal,Depth_firstSearch,Stack,TopologicalSorting,Deque",35
"Implementation,DataStructures,DisjointSet",0
"Mathematics,DynamicProgramming,PrefixSum,ProbabilityTheory",48
"Bruteforcing,LongestIncreasingSequenceInO(nLogN)",11
"Implementation,Mathematics,String,NumberTheory",32
"Mathematics,Bruteforcing,Sorting",31
"DataStructures,Ad_hoc,Stack,Deque",13
"Bruteforcing,DataStructures,BinarySearch",20
"DynamicProgramming,Bruteforcing,Geometry",11
"Implementation,Mathematics,Bruteforcing,Ad_hoc",55
"Mathematics,Bruteforcing,Greedy,Sorting,Geometry",31
"GraphTheory,DataStructures,GraphTraversal,Breadth_firstSearch,Depth_firstSearch,Tree,Bitmask",49
"GraphTheory,DataStructures,GraphTraversal,Breadth_firstSearch,Dijkstra's,0_1Bfs",64
"BinarySearch,Two_pointer,ParametricSearch",20
"DataStructures,Sorting,SegmentTree,GameTheory,DivideAndConquer",21
"Mathematics,DynamicProgramming,DataStructures,ProbabilityTheory",48
"DataStructures,SetMapByHashing,PriorityQueue",17
"GraphTheory,DynamicProgramming,Dijkstra's,0_1Bfs",44
"DynamicProgramming,DataStructures,BinarySearch,SetMapByTrees",26
"Implementation,Simulation,BinarySearch",2
"Implementation,Mathematics,Ad_hoc",55
"Mathematics,DataStructures,Geometry,Combinatorics,SetMapByTrees",45
"Mathematics,DataStructures,Tree,Stack",13
"DataStructures,Sorting,SetMapByHashing,Bitmask,SetMapByTrees",40
"GraphTheory,Tree,Ad_hoc",37
"Mathematics,Combinatorics,Backtracking",52
"GraphTheory,DataStructures,GraphTraversal,Geometry,Depth_firstSearch,SetMapByHashing",29
"Implementation,Mathematics,Bruteforcing,Arithmetic,Combinatorics,ProbabilityTheory",38
"Implementation,Mathematics,DataStructures,SetMapByTrees",45
"Backtracking,Recursion",53
"Mathematics,DataStructures,SetMapByHashing,ValueCoordinateCompression",45
"Implementation,Mathematics,DataStructures,Sorting,PriorityQueue",5
"Sorting,BinarySearch,ParametricSearch",20
"GraphTheory,BinarySearch,Floyd_warshall",14
"Implementation,Mathematics,Bruteforcing,DataStructures,Combinatorics,SetMapByTrees",45
"DataStructures,Two_pointer,SetMapByTrees,SegmentTree",21
"Mathematics,Bruteforcing,DataStructures,Sorting,SetMapByHashing",40
"GraphTheory,Geometry,Dijkstra's,Floyd_warshall",58
"DataStructures,BinarySearch,SegmentTree,ValueCoordinateCompression",21
"Mathematics,ParametricSearch",4
"DynamicProgramming,String,DataStructures,Tree,Stack,DynamicProgrammingOnTrees",60
"DataStructures,Tree,SegmentTree,Recursion",21
"Implementation,Mathematics,Simulation,Bitmask,ExponentiationBySquaring",41
"GraphTheory,Bruteforcing,GraphTraversal,Backtracking",66
"Implementation,GraphTheory,GraphTraversal,Breadth_firstSearch,Geometry,Depth_firstSearch",24
"Implementation,DataStructures,SetMapByHashing,SetMapByTrees",26
"Implementation,String,DataStructures,Sorting,Deque",54
"Mathematics,Geometry,Recursion",53
"String,Sorting,BinarySearch",3
"Implementation,DynamicProgramming,DataStructures,SetMapByTrees",26
"Implementation,GraphTheory,Bruteforcing",14
"DynamicProgramming,String,Bruteforcing,Recursion,DivideAndConquer",11
"DataStructures,Sorting,Geometry,Stack,DisjointSet",0
"DataStructures,SegmentTree,SlidingWindow",21
"GraphTheory,BinarySearch,PrefixSum,Dijkstra's",58
"Implementation,DynamicProgramming,Bruteforcing,Bitmask",67
"GraphTheory,DataStructures,GraphTraversal,Geometry,Depth_firstSearch,DisjointSet",35
"Mathematics,Constructive,Recursion",53
"Implementation,String,Bruteforcing,Simulation",2
"Mathematics,DataStructures,Combinatorics,SetMapByHashing",45
"Implementation,Mathematics,NumberTheory,ExponentiationBySquaring",23
"Greedy,Backtracking",33
"Implementation,Mathematics,Sorting,BinarySearch,PrefixSum",62
"Implementation,DataStructures,Greedy,Simulation,Queue",57
"Implementation,Mathematics,GraphTheory,GraphTraversal,Breadth_firstSearch,Depth_firstSearch",24
"GraphTheory,GraphTraversal,BinarySearch,Depth_firstSearch",9
"Implementation,DataStructures,Geometry,DisjointSet",0
"DynamicProgramming,Sorting,ValueCoordinateCompression",19
"GraphTheory,DataStructures,GraphTraversal,Breadth_firstSearch,Geometry,Depth_firstSearch,DisjointSet",35
"Bruteforcing,DataStructures,Geometry",11
"GraphTheory,DataStructures,Dijkstra's,DisjointSet",28
"DynamicProgramming,Bruteforcing,Bitmask",67
"Bruteforcing,DataStructures,PrefixSum,SegmentTree",21
"Mathematics,Sorting,Constructive",62
"Mathematics,DynamicProgramming,NumberTheory,Knapsack",48
"Implementation,Mathematics,String,NumberTheory,Arithmetic",32
"Bruteforcing,DataStructures,SetMapByHashing,Backtracking",69
"GraphTheory,DynamicProgramming,String,GraphTraversal",68
"GraphTheory,GraphTraversal,Sorting,Backtracking",66
"Implementation,Mathematics,String,Bruteforcing,NumberTheory,EuclideanAlgorithm",27
"Implementation,String,Sorting,Recursion,DivideAndConquer",54
"GraphTheory,String,Bruteforcing,DataStructures,GraphTraversal,Depth_firstSearch,Tree,Backtracking",66
"DynamicProgramming,String,Greedy,Sorting",15
"GraphTheory,GraphTraversal,Breadth_firstSearch,Geometry,Depth_firstSearch",24
"Mathematics,Bruteforcing,Arithmetic,Combinatorics",38
"Implementation,GraphTheory,GraphTraversal,Breadth_firstSearch,Bitmask",36
"Implementation,GraphTheory,Bruteforcing,Greedy,GraphTraversal,Breadth_firstSearch,Simulation,Depth_firstSearch",36
"GraphTheory,Bruteforcing,GraphTraversal,Dijkstra's,0_1Bfs",10
"Implementation,Mathematics,Arithmetic,ProbabilityTheory",41
"DataStructures,BinarySearch,PrefixSum,SetMapByTrees,Hashing",26
"Implementation,Mathematics,DynamicProgramming,ExponentiationBySquaring",23
"Mathematics,DataStructures,DisjointSet",0
"Greedy,Sorting,Geometry,Constructive",15
"Mathematics,GraphTheory,DynamicProgramming",48
"Implementation,Constructive,Ad_hoc",56
"GraphTheory,Bruteforcing,GraphTraversal,Constructive",10
"GraphTheory,Bruteforcing,GraphTraversal,Depth_firstSearch,Constructive,Backtracking",66
"GraphTheory,Constructive,Ad_hoc,Backtracking",56
"GraphTheory,GraphTraversal,Breadth_firstSearch,Depth_firstSearch,Backtracking",66
"DataStructures,PriorityQueue,Deque",5
"Mathematics,NumberTheory,ProbabilityTheory",39
"GraphTheory,DynamicProgramming,Dijkstra's,Bitmask",44
"Implementation,Mathematics,Bruteforcing,NumberTheory,PrimalityTest,SieveOfEratosthenes",22
"DynamicProgramming,Bruteforcing,DataStructures,PrefixSum,SetMapByHashing",17
"GraphTheory,DynamicProgramming,Tree,TopologicalSorting,DynamicProgrammingOnTrees",60
"GraphTheory,String,Bruteforcing,GraphTraversal,Depth_firstSearch,Backtracking",66
"DynamicProgramming,Greedy,Sorting,Tree,DynamicProgrammingOnTrees",60
"Geometry,Two_pointer",46
"Sorting,DivideAndConquer",15
"GraphTheory,Geometry,TopologicalSorting",14
"Geometry,BinarySearch,LongestIncreasingSequenceInO(nLogN)",20
"Mathematics,GraphTheory,GraphTraversal,Breadth_firstSearch,Geometry,Depth_firstSearch",24
"GraphTheory,GraphTraversal,Geometry",10
"Implementation,Mathematics,Bruteforcing,Bitmask",67
"GraphTheory,DataStructures,Geometry,BinarySearch,Dijkstra's,DisjointSet",28
"GraphTheory,GameTheory",12
"GraphTheory,GraphTraversal,Breadth_firstSearch,Depth_firstSearch,Tree,Ad_hoc",49
"Bruteforcing,Backtracking,Bitmask,Recursion",47
"BinarySearch,Hashing",20
"DataStructures,Sorting,BinarySearch",40
"Implementation,Sorting,PrefixSum",54
"Mathematics,Bruteforcing,NumberTheory,Two_pointer",31
"Bruteforcing,Sorting,PrefixSum",46
"GraphTheory,DataStructures,Geometry,PriorityQueue",5
"Implementation,Simulation,Tree",2
"DataStructures,Sorting,BinarySearch,SetMapByHashing,Two_pointer",40
"Mathematics,Arithmetic,Recursion",53
"Implementation,String,Ad_hoc,Two_pointer",51
"Implementation,String,DataStructures,Stack,Recursion",18
"Implementation,Mathematics,Bruteforcing,Sorting,NumberTheory,EuclideanAlgorithm",27
"GraphTheory,DataStructures,Geometry,SetMapByHashing,Floyd_warshall",17
"GraphTheory,Greedy,GraphTraversal,BinarySearch",10
"Mathematics,String,Greedy,Sorting,NumberTheory",15
"GraphTheory,GraphTraversal,BinarySearch,Depth_firstSearch,Tree",49
"GraphTheory,GraphTraversal,Breadth_firstSearch,Depth_firstSearch,Floyd_warshall",24
"DynamicProgramming,Greedy,Bitmask",43
"Implementation,Mathematics,Bruteforcing,Geometry",55
"GraphTheory,String,GraphTraversal,Breadth_firstSearch,Depth_firstSearch,TopologicalSorting",68
"Mathematics,NumberTheory,BinarySearch,Two_pointer",25
"DataStructures,Sorting,Two_pointer,Deque",40
"GraphTheory,Greedy,Dijkstra's",58
"Bruteforcing,Constructive,Ad_hoc,Bitmask",67
"Mathematics,DynamicProgramming,NumberTheory,Combinatorics,SlidingWindow",48
"Constructive,Ad_hoc,Bitmask",56
"BinarySearch,PrefixSum,ParametricSearch",20
"Implementation,Bruteforcing,Simulation,Two_pointer",2
"Implementation,String,Ad_hoc,Bitmask",51
